de,1311
la,1015
que,983
messi,926
a,895
y,776
el,769
"",687
en,520
del,457
no,346
es,338
con,312
los,291
un,276
se,276
lo,269
por,256
para,211
copa,202
me,191
mundo,162
una,151
más,149
mejor,146
le,143
argentina,138
mundial,132
al,132
su,131
campeón,128
mi,124
pero,114
"messi,",109
como,102
las,101
"\"messi",96
ser,94
��,91
ya,90
te,90
todos,86
lionel,83
q,82
si,81
ver,75
este,73
"#messi��",69
jugador,68
-,64
"#messi",62
o,62
"\"el",60
todo,60
foto,60
����,58
gracias,56
final,56
"\"la",55
tiene,55
porque,52
historia,51
selección,50
fue,49
está,48
levantar,47
cuando,46
nos,45
"messi\"",44
ahora,44
va,44
yo,44
"#fifaworldcup",43
solo,43
ayer,42
esta,42
vida,42
ganó,42
messi.,42
"#qatar2022",41
"\"no",41
maradona,41
vi,40
"mundo,",40
desde,40
ganar,40
fútbol,40
son,39
"��\"",38
puedo,38
"\"que",38
"#argentinacampeondelmundo",38
mas,37
nunca,36
"#argentina",36
fotos,36
hay,35
años,34
leo,34
sin,32
ha,31
tan,31
sus,31
campeones,30
"mundo\"",29
así,29
muy,29
voy,29
feliz,29
nada,29
cristiano,29
amo,29
gente,28
bien,28
siempre,28
sea,27
les,27
ni,27
era,27
mundo.,27
di,27
tener,27
",",27
grande,27
somos,27
decir,26
día,26
levantando,26
toda,25
año,25
hasta,25
rt,24
mejores,24
qué,24
hoy,24
momento,24
puede,23
2022,23
10,23
qatar,23
tu,22
después,22
tengo,22
2,22
tanto,21
esto,21
menos,21
quiero,21
jugar,20
están,20
todas,20
"\"lo",20
ir,20
|,20
equipo,20
gol,20
cada,20
mbappe,20
"\"gracias",20
"\"si",20
scaloni,20
argentino,19
3,19
eso,19
fin,19
único,19
"\"yo",19
título,19
hace,19
esa,19
"\"ya",19
video,19
también,19
estaba,19
"mundial,",19
"\"los",18
vez,18
dios,18
"\"y",18
sos,18
ronaldo,18
país,18
"messi.\"",18
andrés,18
jugadores,18
"argentina,",18
"\"me",18
"\"mi",18
lindo,17
diego,17
"����\"",17
entre,17
.,17
campeon,17
d,17
partido,17
cosas,17
nadie,17
ese,17
anti,16
likes,16
5,16
tienen,16
estoy,16
falta,16
"������\"",16
otro,16
sueño,16
hizo,16
"\"en",16
gano,16
haya,16
"\"��",16
muchos,16
vamos,16
������,16
dos,16
maría,16
uno,15
"\"lionel",15
mis,15
dice,15
donde,15
estar,15
mundial.,15
unos,15
argentinos,15
ganado,15
"\"a",15
tras,15
buen,15
sobre,15
huevo,15
van,14
felicidad,14
verdad,14
"\"es",14
"\"para",14
balón,14
e,14
contra,14
gran,14
amor,14
futbolista,14
hijos,14
oro,14
dijo,14
hacer,14
soy,14
cómo,14
veces,14
fondo,14
iba,13
ví,13
todavía,13
mal,13
"copa,",13
casi,13
haber,13
tuvo,13
paso,13
mismo,13
camiseta,13
quien,13
creo,13
algo,13
dio,13
instagram,12
videos,12
hombre,12
dibu,12
sigue,12
mucho,12
"\"ahora",12
siendo,12
hermoso,12
mano,12
llorar,12
han,12
"\"hay",12
"\"vi",12
fifa,12
poder,12
nuevo,12
creer,12
"#arg",12
será,12
otra,11
nombre,11
"\"de",11
nuestro,11
"\"hoy",11
ejemplo,11
fútbol.,11
millones,11
"messi?\"",11
pudo,11
él,11
alguien,11
hablar,11
goles,11
fuera,11
"\"se",11
like,11
messi?,11
copa.,11
tercera,11
"\"por",11
viendo,11
he,11
estuvo,10
debate,10
ante,10
tanta,10
capitán,10
vos,10
visto,10
viva,10
tipo,10
eres,10
veo,10
"\"argentina",10
antonella,10
"maradona,",10
bueno,10
último,10
morir,10
tenemos,10
argentina.,10
mierda,10
parece,10
merecía,10
vivir,9
debe,9
7,9
logro,9
mayor,9
favor,9
digan,9
dia,9
"copa\"",9
victoria,9
antes,9
vio,9
récord,9
grandes,9
ganaron,9
pasó,9
sigo,9
persona,9
copas,9
"\"ayer",9
the,9
dicen,9
aguante,9
estrella,9
kun,9
saber,9
"\"messi,",9
amigos,9
"#argentinavsfrance",9
otros,9
asi,9
periodistas,9
champions,9
"fútbol,",9
"��������\"",9
familia,8
pueden,8
tú,8
"\"necesito",8
tiempo,8
mbappé,8
asistencias,8
mensaje,8
vayan,8
mujer,8
mañana,8
"\"como",8
pueblo,8
"\"las",8
pelé,8
cuenta,8
tantos,8
"goles,",8
llama,8
nuestra,8
mientras,8
"\"quiero",8
"\"todos",8
hijo,8
francia,8
gusta,8
pusieron,8
"#seleccionargentina",8
"\"le",8
levantó,8
concha,8
fueron,8
casa,8
poner,8
ig,8
futbol,8
volver,8
likeada,8
"\"creo",8
da,8
messi:,8
primera,8
carrera,7
x,7
30,7
"vida,",7
papá,7
"todos,",7
realidad,7
días,7
igual,7
amigo,7
m,7
esos,7
américa,7
puso,7
ganas,7
"campeón,",7
capa,7
había,7
mundo?,7
ellos,7
sino,7
logró,7
sabe,7
��������,7
mg,7
cosa,7
récords,7
personas,7
cara,7
sido,7
nosotros,7
campeona,7
triunfo,7
poco,7
necesito,7
mirando,7
2023,7
primero,7
misma,7
do,7
primer,7
felicidades,7
quiere,7
❤️,7
"\"����",7
mundiales,7
puta,7
tenga,7
"selección,",7
pantalla,7
fan,7
festejar,7
caigo,7
tres,7
post,7
andres,7
?,7
viene,7
"\"bueno",7
"#mundial",7
cr7,7
imagen,7
pasado,6
histórico,6
punto,6
minutos,6
emir,6
horas,6
2026,6
próximo,6
ponen,6
8,6
llorando,6
2014,6
hacia,6
dejó,6
juego,6
dale,6
ideal,6
locura,6
mala,6
pasa,6
"\"quien",6
"\"hasta",6
publicación,6
felices,6
cuanto,6
hacerme,6
claro,6
catar,6
⚽️��️,6
penal,6
"\"nunca",6
muchas,6
emoción,6
"historia,",6
demostró,6
pedir,6
buscar,6
campeonato,6
obelisco,6
túnica,6
"vida\"",6
acá,6
dan,6
queda,6
ningún,6
argentino.,6
terminó,6
pasar,6
lio,6
"\"maradona",6
haciendo,6
dejen,6
estamos,6
jugó,6
"mundial\"",6
mundial:,6
enzo,6
siento,6
peor,6
paredes,6
messi!,6
alegría,6
"ayer,",6
viejo,6
gane,6
vs,6
tercer,6
mac,6
maria,6
darnos,6
dar,6
vía,6
estos,6
tal,6
pude,6
historia.,6
llega,6
paz,6
g/a,6
sé,6
"#vamosargentina",6
gloria,5
llegar,5
rey,5
����������,5
sólo,5
ojos,5
rompe,5
ganaba,5
darle,5
madre,5
momentos,5
tenido,5
regalo,5
bonito,5
obvio,5
poquito,5
ex,5
medio,5
ídolo,5
"\"con",5
allá,5
parte,5
seguir,5
aún,5
jordan,5
más.,5
dejar,5
"mundo.\"",5
selección.,5
"\"#qatar2022",5
"#goat��",5
festejando,5
ganamos,5
otras,5
cancha,5
vuelta,5
blanco,5
"dios,",5
celeste,5
diciendo,5
paul,5
quería,5
justo,5
partidos,5
vivos,5
8vo,5
lunes,5
6,5
conmebol,5
consagración,5
pele,5
"#copamundialfifa",5
vas,5
is,5
"nada,",5
martínez,5
"sea,",5
penales,5
scaloneta,5
alto,5
lugar,5
psg,5
allister,5
cantidad,5
siguen,5
"\"vamos",5
feriado,5
loco,5
cumplir,5
arriba,5
buenos,5
verlo,5
gracias!,5
debió,5
canción,5
vivo,5
segundo,5
quieren,5
otamendi,5
necesitaba,5
taylor,5
existe,5
madrid,5
importa,5
"siempre,",5
luego,5
través,5
"no,",5
sacó,5
@argentina,5
"#maradona",5
"locura,",5
quiera,5
durante,5
hubiera,5
"argentinos,",5
mundo:,5
piel,5
periodista,5
tenes,5
pa,5
habrá,5
sería,5
gana,5
realmente,5
lado,5
varios,5
36,5
barcelona,5
salió,5
"yo,",5
hicieron,5
"\"somos",5
"\"imaginate",5
además,5
molina,5
neymar,5
¿qué,5
cuadro,5
rumbo,5
fans,5
"todo,",5
"fútbol\"",5
"\"leo",5
antonela,5
camino,5
ven,5
seleccion,5
tenía,5
mundo!,5
respeto,5
superando,5
"\"tengo",5
única,5
salir,5
diferencia,5
goat,5
"8,",5
...,4
verte,4
par,4
bajo,4
lleno,4
rosario,4
recibió,4
leyenda,4
alguna,4
peores,4
todavia,4
argentina:,4
libertadores,4
campeón.,4
vídeo,4
stream,4
duela,4
lamomadeco,4
viviendo,4
✅,4
twitter,4
méxico.,4
@ieomessiok,4
"\"¿qué",4
tiempos,4
señor,4
jugado,4
tirado,4
increíble,4
c/vidrio,4
re,4
generación,4
scaloni.,4
"#argentinacampeondelmundo\"",4
quiso,4
kutcher,4
duda,4
"messi������\"",4
vida.,4
toca,4
rodríguez,4
!!!,4
novia,4
resto,4
fernández,4
nueva,4
miro,4
pensar,4
"años,",4
liga,4
problema,4
pq,4
tini,4
consagró,4
tenían,4
verdad.,4
últimos,4
estará,4
hecho,4
reconocer,4
deportistas,4
tiñó,4
historias,4
olvido,4
espero,4
"\"#messi",4
quedó,4
prenda,4
deporte,4
relación,4
"\"todo",4
forma,4
mucha,4
papu,4
ustedes,4
conseguir,4
cerrar,4
"#qatarworldcup2022",4
tierra,4
sacar,4
videollamada,4
"año,",4
90,4
"días,",4
meter,4
el.,4
caer,4
campeón!,4
cuál,4
leonel,4
alegro,4
sean,4
mundial?,4
real,4
gotze,4
opinión,4
hora,4
feliz.,4
"\"cómo",4
dije,4
festejos,4
mí,4
niños,4
"\"������",4
"#scaloni",4
hacen,4
armando,4
"\"feliz",4
catherine,4
encima,4
"final,",4
sale,4
cabeza,4
levanto,4
"\"todavía",4
domingo,4
modo,4
decepción:,4
"\"solo",4
"bueno,",4
jaja,4
ashton,4
recibir,4
"\"entre",4
merece,4
cuentas,4
esfuerzo,4
zeta-jones:,4
romper,4
orgullo,4
algunos,4
cualquier,4
tiktoks,4
hollywood,4
"feliz,",4
saca,4
medios,4
"#messi,",4
vimos,4
9,4
152,4
coronación,4
cinco,4
pensando,4
digo,4
"����������\"",4
"\"al",4
world,4
festejo,4
escribir,4
cbum,4
"campeones\"",4
"#vallenato",4
futbolistas,4
honor,4
"#lionelmessi��",4
jugaba,4
mamá,4
hacía,4
creen,4
camavinga,4
dieron,4
30x40,4
"\"-",4
convirtió,4
conocido,4
cambiar,4
eterno,4
"\"esto",4
"\"hace",4
xq,4
revelación:,4
compañeros,4
mira,4
"\"buen",4
años.,4
nuestros,4
ninguna,4
"feliz\"",4
factor,4
octavo,4
vino,4
vuelve,4
veía,4
quienes,4
magia,4
"tiempos,",4
vea,4
solamente,4
retiro,4
jugando,4
puse,4
trabajo,4
joven,4
"7,",4
tienes,4
"\"gente",3
juega,3
"argentino\"",3
"que,",3
"\"cuando",3
"var,",3
comprar,3
15,3
astro,3
"\"ojalá",3
"él”,",3
".\"",3
"más\"",3
pedido,3
besando,3
juanma,3
roccuzzo,3
"amor\"",3
suben,3
7.91,3
cumple,3
héroes,3
trabajar,3
jajajajaja,3
"#qatar",3
"#cuba",3
amir,3
tatuarme,3
tiempos.,3
festejaron,3
carta,3
tatuar,3
"trabajar,",3
"\"q",3
mundiales:,3
"adiós,",3
"fue,",3
america,3
burlas,3
provincia,3
totalmente,3
horrible,3
hagan,3
"pantalla\"",3
posible,3
tenés,3
estan,3
recordar,3
destruye,3
"madre,",3
"\"qué",3
pedo,3
anto,3
verga,3
ego,3
pibes,3
imposible,3
máxima,3
porq,3
messi...,3
leche,3
"fin,",3
disfrutar,3
"\"esta",3
colombia,3
diga,3
tengan,3
frente,3
decía,3
ciudad,3
"#worldcupfinal",3
campo,3
top,3
julián,3
pocas,3
"más.\"",3
llore,3
sí.,3
abajo,3
"ahora\"",3
"hoy,",3
hermosa,3
uruguayo,3
afirma,3
"cristiano,",3
"leo,",3
notas,3
criticando,3
“la,3
dimaria,3
"\"mbappe",3
escándalo,3
acordar,3
pleno,3
"\"otro",3
sentir,3
pidan,3
juro,3
"#argfra",3
@afa,3
estas,3
"carrera,",3
república,3
acabo,3
mbappé.,3
modric,3
@youtube,3
fui,3
"america,",3
edad,3
"antonella\"",3
inolvidable,3
comparar,3
"\"soñé",3
ig.,3
cristina,3
emocionante,3
libros,3
vivimos,3
dicho,3
"#mbappe",3
nivel,3
méxico,3
dado,3
1000,3
tambien,3
camiño,3
sociales,3
"futbol,",3
pingo,3
barca,3
intentarlo,3
buenas,3
"antonela\"",3
agüero,3
60,3
tribuna,3
10.,3
salen,3
"\"te",3
tendría,3
"vos,",3
tuyo.,3
¿dónde,3
canta,3
tema,3
saludo,3
tuve,3
importante,3
⭐⭐⭐,3
podía,3
invasión,3
basta,3
luis,3
regaló,3
"\"cuanto",3
fué,3
odian,3
red,3
oro.,3
guardarle,3
redes,3
vs.,3
querían,3
desperté,3
cup,3
river,3
clarín,3
mataron,3
"mbappé,",3
retira,3
envidia,3
manera,3
aunque,3
"\"puedo",3
"también\"",3
"acá,",3
novio,3
"argentina\"",3
dicha,3
historia?,3
"scaloni,",3
equipo.,3
discusión,3
balones,3
"mundial.\"",3
"#leomessi",3
respecto,3
"#argentina\"",3
"⭐⭐⭐\"",3
vale,3
negra,3
jajaja,3
"locura\"",3
podes,3
junto,3
madridista,3
demás,3
ninguno,3
"\"acabo",3
ve,3
hable,3
vista,3
varias,3
todos.,3
escribió,3
experiencia,3
seguidores,3
muani,3
saben,3
amamos,3
seguro,3
época,3
superar,3
"\"imagínate",3
literalmente,3
víctor,3
estado,3
llevan,3
versión,3
"\"un",3
navidad,3
dias,3
esperando,3
abrazo,3
auron,3
volvió,3
"#futbol",3
"francia,",3
sabemos,3
ángel,3
álvarez,3
voz,3
����.,3
3er,3
kolo,3
abuela,3
tiraron,3
24,3
acuña,3
gusto,3
iraní,3
escuchar,3
diarios,3
posible.,3
roncero,3
campaña,3
habia,3
algún,3
rivalidad,3
entienden,3
deja,3
"messi.��\"",3
blanca,3
mirar,3
"#mundialqatar2022",3
campeonatos,3
aires,3
excelente,3
merece.,3
juegan,3
saque,3
plaza,3
salvó,3
"\"viste",3
perdón,3
pienso,3
pongo,3
rompió,3
dió,3
alegrías,3
"\"acá",3
400m,3
promedio,3
"\"hermosa",3
termino,3
"#francia",3
teniendo,3
"messi?\":",3
fuerte,3
quita,3
llamando,3
"\"buenos",3
rocuzzo,3
nadie.,3
podemos,3
"scaloni\"",3
"\"ni",3
"\"ver",3
marca,3
cocinera,3
gritando,3
subir,3
máximo,3
"\"este",3
futuro,3
������������,3
felicitó,3
hablen,3
quién,3
"#deportes",3
ambos,3
saquenle,3
contenido,3
ganan,3
humilde,3
"fútbol.\"",3
obtenido.,3
"oro,",3
"\"mbappé",3
alcanzar,3
diste,3
llevar,3
cerro,3
verdadero,3
presume,3
"#messi\"",3
"\"\"¿dónde",3
esté,3
llevó,3
emotivo,3
llegue,3
pies,3
fideo,3
"#scaloneta",3
argentina!!,3
elegido,3
parada,3
levantaba,3
to,3
ganador,3
especial,3
unas,3
gobierno,3
pedazo,3
tatuarse,3
"ronaldo,",3
bobo,3
via,3
cerca,3
yendo,3
colectivo,3
45,3
pues,3
hugo,3
dentro,3
aquí,3
aman,3
47m,3
adentro,3
vivió,3
mereces,3
ama,3
mama,3
"messi\".",3
"así.\"",3
"verga,",3
condenado,2
finales,2
"\"cada",2
eligen,2
messi”,2
mafia,2
merecían,2
entró,2
hablaron,2
enojó,2
julian,2
unidos,2
puesto,2
emocionar,2
dedicado,2
ultimo,2
"@aciprensa\"",2
"merece,",2
che,2
honrar,2
"posterior,",2
l,2
"vida.\"",2
simplemente,2
gustaría,2
dejo,2
"\"bueno,",2
����⭐⭐⭐,2
2016,2
darte,2
aldea,2
tóxica,2
decirme,2
suárez,2
propaganda,2
chica,2
celebrando,2
vive,2
"https://t.co/dpmqggjyxa\"",2
"@argentina,",2
pensé,2
recuerdan,2
11,2
dé,2
"\"vayan",2
san,2
aspire,2
broche,2
carajo,2
"\"he",2
nace,2
"todo\"",2
"kempes,",2
"crack,",2
"#scaloneta\"",2
"\"cuántos",2
gesto,2
supere,2
"\"suárez",2
"\"fue",2
demasiado,2
habian,2
admiro,2
palmarés,2
plantilla,2
amistad,2
sufrir,2
gallina,2
llego,2
"\"diego",2
jóvenes,2
vara,2
cabo,2
izquierda,2
teresa,2
regalaron,2
francia.,2
género,2
anda,2
ti,2
��������������,2
¿que,2
mr.olympia,2
"madre\"",2
"#fra",2
amaneció,2
sensible,2
conseguido,2
"diego,",2
banca,2
anularse,2
by,2
ojalá,2
partir,2
"gusta,",2
segunda,2
"tribu,",2
juegue,2
postal,2
cuccittini,2
subiendo,2
"nada\"",2
jake,2
parar,2
antonella.,2
insultando,2
"#mundial2022",2
bastante,2
mundo����,2
"\"buenas",2
levantado,2
⚽,2
"esposo,",2
alberto,2
consciente,2
"#art",2
��❤️,2
dedica,2
dorada,2
"\"¡la",2
tuviera,2
paro,2
twin,2
masculina,2
estratosfera,2
decimos,2
que?,2
acto,2
"#espnqatarenstarplus",2
@fcbarcelona_es,2
unió,2
"entera\"",2
"llorando\"",2
acuerdan,2
seleccionador:,2
mango,2
minuto,2
chota,2
modelo,2
cola,2
sentirte,2
35,2
16,2
cultural,2
jugada,2
sabiendo,2
retirar,2
tapa,2
criticar,2
albiceleste,2
"dicho,",2
chupa,2
eterna,2
llevo,2
rato,2
level,2
estuve,2
anécdotas,2
"paredes,",2
prensa,2
levantarse,2
sacándole,2
����leo,2
"mbappe,",2
encantan,2
estrellas,2
industria,2
rosada,2
"emoción,",2
"américa,",2
"#granhermano",2
"padre,",2
sufriste,2
nombre.,2
❌,2
theo,2
razón,2
enano,2
motivos,2
asado,2
oportunidad,2
anillos,2
importantes,2
"fernández,",2
tl,2
laferrere,2
debemos,2
niño,2
pelé.,2
injusto,2
estadio,2
escandalosamente,2
dándole,2
probablemente,2
in,2
"talento,",2
demostrar,2
mejor?,2
⚽️,2
eliminación,2
pandemia,2
"ya,",2
corazón,2
"loco\"",2
sí,2
promesas,2
ido,2
"\"#video.",2
genera,2
giroud,2
alegria,2
sequía,2
anotó,2
puesta,2
aca,2
"\"felicitaciones",2
ganará,2
laporta,2
"huevo\"",2
queria,2
"\"liberman",2
sintió,2
pelusa,2
hablando,2
muestran,2
operación,2
detrás,2
"❤️����\"",2
palabras,2
����lionel,2
"caigo\"",2
"\"#messi��",2
símbolos,2
escucha,2
quedo,2
infame,2
empecé,2
"maría,",2
salieron,2
dijeron,2
"\"abro",2
"tiempos\"",2
k,2
2022.,2
cumplido,2
cual,2
quieras,2
marruecos,2
"\"saquenle",2
países,2
"así,",2
peso,2
hago,2
verde,2
toman,2
cuento,2
contrato,2
roma,2
tik,2
"#valledupar",2
"\"vos",2
metió,2
"#campeonesdelmundo",2
felicitaciones,2
comí,2
traeme,2
acuerdo,2
brilla,2
cogida,2
amar,2
"mr.olympia,",2
ama”:,2
"ganar,",2
ah,2
��️,2
preferís,2
compañía,2
puro,2
2da,2
"\"desde",2
saludos,2
dybala,2
"estacion,",2
azzaro,2
silla,2
"años\"",2
"\"ahora,",2
goles/asistencias,2
madridistas,2
serio,2
respiradores,2
mundo”,2
"\"pedidos",2
"❤️\"",2
'90,2
nou,2
títulos,2
"\"otra",2
ganando,2
pregunta,2
"tiempo,",2
insultos,2
juntos,2
mufa,2
ayudar,2
"hoy\"",2
capitan,2
clase,2
terminé,2
salva,2
"\"podemos",2
criticaron,2
profesional,2
"decir\"",2
deportes,2
gobiernos,2
celular,2
verle,2
procesar,2
llamó,2
posteando,2
goleador,2
alemán,2
times,2
presencia,2
inventados,2
"\"¿messi",2
eternidad.,2
"\"muy",2
casaca,2
ojo,2
repercusiones,2
"surrealista,",2
"\"che,",2
bandera,2
propios,2
stickers,2
traducciones,2
trajistes,2
deporte.,2
dolor,2
según,2
preparado,2
cúspide,2
predicción,2
tensiones,2
tantoo,2
haga,2
"\"¿quién",2
balcón,2
comparación,2
tarde,2
encuentro,2
"diferentes,",2
mbappe.,2
selección:,2
reconocimiento,2
"\"mundial",2
cumplen,2
sera,2
nada!,2
bata,2
"más,",2
jugador:,2
chuparle,2
ahí.,2
vuestro,2
"debate,",2
volvía,2
"favor,",2
entiende,2
francés,2
rico,2
tocayos,2
medio.,2
"\"igual",2
banda,2
ojala,2
abrazó,2
"cierto,",2
perfecto,2
tiktok,2
"\"����������������",2
aceptar,2
cumplió,2
games,2
descomprimir,2
merecido,2
crack,2
preguntando,2
algunas,2
"\"¿por",2
quito,2
"#cr7��",2
camp,2
empiecen,2
"real,",2
entera,2
"✔️\"",2
apareció,2
"1986,",2
"franceses,",2
dirigentes,2
grieta,2
"\"tras",2
vende,2
negro,2
martinez,2
levante,2
pasé,2
irán,2
"shock\"",2
edits,2
afortunada,2
"\"dos",2
dejaron,2
"himno,",2
"#messi.",2
",no",2
boca,2
¿cuál,2
caro,2
hice,2
idilio,2
media,2
"cosas,",2
fuiste,2
celebran,2
"estrellas,",2
etc,2
alza,2
"#messi��day",2
besar,2
saquen,2
✨����,2
decenas,2
famosos,2
d10s,2
"\"obvio",2
fotito,2
karma,2
salt,2
fanático,2
prepara,2
borrar,2
suena,2
grave,2
azul,2
números,2
es:,2
"champions,",2
rbd,2
hemos,2
��⚽️,2
sacaron,2
mayoria,2
messi…,2
logró.,2
"#leandrodiaz��https://t.co/kwqcd6vhgg\"",2
futbolista.,2
lusail,2
"mundo!\"",2
silencio,2
futbol.,2
reglamento,2
arg,2
pais,2
"ansiedad,",2
empate,2
mvp,2
carajoooo,2
hilo,2
significado,2
robo,2
grupo,2
grandeza,2
nota,2
vivido,2
toco,2
arabia,2
likeado,2
sexual,2
humano,2
allí,2
),2
generaciones,2
"\"todas",2
ganase,2
recuerdo,2
"historia\"",2
vemos,2
"\"estoy",2
vuelva,2
sudamericano,2
"pija\"",2
levanta,2
famosa,2
league,2
cuccitini,2
"maradona.\"",2
deberían,2
"\"\"si",2
"\"felicidades",2
motivo,2
experto,2
dueño,2
"argentino,",2
bangladesh,2
"\"sigo",2
ti.,2
tomás,2
gritar,2
"vez,",2
angel,2
miedo,2
"aceptas?\"",2
desgracia,2
plan,2
polémica,2
porqué,2
chiquito,2
pasando,2
xi,2
boba,2
brasil,2
titulos,2
lloro,2
hincha,2
u,2
antimessi,2
kylian,2
plataforma,2
"paris,",2
os,2
llegado,2
"mundo����\"",2
pierda,2
competiciones,2
piso,2
mayo,2
agradecer,2
pareciendo,2
acabó,2
jornada,2
diario,2
previo,2
"argentina.\"",2
traer,2
siguiente,2
semanas,2
84,2
mes,2
pecho,2
cumplió.,2
"fans,",2
literal,2
fueran,2
"partido,",2
"copa.\"",2
"❤\"",2
celebrar,2
pusieran,2
haters,2
repartidor,2
tricampeón,2
“se,2
última,2
"\"messi\"",2
aparte,2
"\"sáquenle",2
personal,2
pegaaaaaaar,2
"\"aún",2
españa,2
"europa,",2
orto,2
soñé,2
"niños,",2
besarlo,2
compró,2
"\"querido",2
pueda,2
nacion,2
propio,2
eternidad,2
principales,2
"dibu,",2
comer,2
vengo,2
"#antimessi",2
"\"ustedes",2
decían,2
romero,2
pobre,2
vió,2
maradona.,2
"ahora,",2
durmiendo,2
1,2
así.,2
lautaro,2
número,2
"\"miro",2
leer,2
dr,2
3°,2
decime,2
"\"@eduaguirre7",2
impresionante.,2
gyllenhaal,2
“el,2
publicidad.,2
club,2
"\"amigo",2
largo,2
once,2
"#dibumartinez",2
1986,2
todo.,2
lío,2
trofeo,2
"#enfrentadossdp",2
ahora.,2
rincón,2
revancha,2
actuación,2
swift,2
llegó,2
veremos,2
"\"mis",2
"♥️����\"",2
quieran,2
swifties,2
uno.,2
novela,2
"#muchachos",2
huevos,2
numeros,2
respetan,2
chingan,2
julio,2
3-2,2
arquero,2
"\"siempre",2
faltaba,2
mundial”,2
anotar,2
resumen,2
enterrada,2
"����❤️\"",2
change,2
seas,2
quedar,2
duele,2
felicitaron,2
dirigió,2
dioses,2
acaso,2
ganara,2
instante,2
"mundo?\"",2
"messi???\"",2
madreeeee,2
nuestras,2
referentes,2
uso,2
➡️,2
"bisht,",2
segui,2
apoya,2
jode,2
"#navidadtiempodepaz",2
sacarle,2
orgulloso,2
fanáticos,2
dando,2
posibilidad,2
siente,2
argumentos,2
proyecto,2
manos,2
inmensa,2
mensajes,2
"si,",2
colombianos,2
devolvió,2
"\"dónde",2
pelicula,2
4,2
"\"auron",2
compararle,2
micro,2
haberle,2
noticia,2
automáticamente,2
sorteo,2
nasr,2
mates,2
apenas,2
alemania,2
tus,2
toque,2
animada:,2
dice:,2
persona.,2
sueños,2
"2022,",2
lógica,2
queríamos,2
"hakimi,",2
quema,2
salio,2
cerveza,2
puedes,2
12,2
haces,2
"#mundialdiferente",2
total,2
"favorito,",2
nefasto,2
seguimos,2
thiago,2
"#somoscampeonesdelmundo",2
tomarse,2
"obelisco\"",2
hacerlo,2
torneo.,2
rinde,2
información,2
56m,2
cielo,2
argentina?,2
nada.,2
"moda,",2
resulta,2
buena,2
cruz,2
prepárate,2
"momento,",2
hermano,2
joder,2
canso,2
tardes,2
crecer,2
1.,2
nena,2
serie,2
(y,2
"alegría,",2
"\"así",2
amiga,2
fuimos,2
líder,2
elegir,2
"\"#deportes",2
velocidad,2
fifa:,2
"\"loco",2
ella,2
salga,2
aprovechar,2
estás,2
coa,2
verdad?,2
piensa,2
confirma,2
miles,2
niñas,2
viven,2
pal,2
hombres,2
usa,2
doha,2
ponga,2
"\"che",2
suman,2
"sí,",2
temporada,2
⚡️,2
justicia,2
"mesa,",2
firma,2
álbumes,2
pasaron,2
"\"viva",2
"enzo,",2
"\"tantos",2
tyc,2
continuará,2
amoo,2
llevado,2
gonzalo,2
"\"foto",2
"\"@afa",2
rendidos,2
secuencias,2
caos,2
"\"tu",2
"\"“la",2
épicos,2
contaron,2
ecuador,2
"amo\"",2
pareja,2
busca,2
mérito,2
"ellos,",2
análisis,2
estooo.,2
ketchum,2
figura,2
pudiera,2
tantas,2
"pasó,",2
barça,2
"mágico,",2
portada,2
gaal,2
contar,2
"cruyff,",2
altura,2
critican,2
campeón:,2
mio,2
epic,2
culo,2
bardearon,2
falopa,2
debía,2
hubo,2
"2014,",2
superó,2
murió,2
ganarle,2
retire,2
julián.,2
pesa,2
escudo,2
"también,",2
¡argentina,2
árabe,2
sigan,2
"libertadores,",2
living,2
"familia,",2
levanté,2
duro,2
puto,2
román,2
compras,2
papa,2
mejor.,2
"vende\"",2
“agarro,2
"favor\"",2
"garnacho/zeballos\"",2
ellas,2
"\"soy",2
venga,2
beauty,2
incluso,2
pidiendo,2
"#finalcopadelmundo",2
tukura,2
"trapos\"",2
ańo,2
"#cooperativaesmundial",2
tengas,2
cuti,2
"#worldcup",2
podido,2
jugaron,2
pido,2
"\"una",2
cumbia,2
"#argentinacampeon",2
atrás,2
@fifaworldcup_es,2
triste,2
nuevos,2
"#fifaworldcup\"",2
memes,2
esposa,2
asco,2
conjunto,2
país.,2
tatuado,2
"\"[foto]",2
:,2
(si,2
empezó,2
"#franciaargentina",2
vuelo:,2
of,2
pibe,2
único.,2
mesa,2
"paz\"",2
"9,",2
tampoco,2
mayoría,2
loca,2
sacado,2
"una\"",2
varela,2
��.,2
mío,2
"(diego),",2
-ganó,2
canto,2
llegas,2
"https://t.co/zgggrkbcol\"",1
caricaturista,1
sucedió.,1
"\"@c5n",1
cariño,1
soñé.,1
"italia,",1
"\"jaja",1
recrea,1
feiman,1
convertiría,1
"carapinga,",1
piden,1
volando,1
pulgaa,1
"https://t.co/oqgskn8fjx\"",1
genérico.,1
@gravep,1
"bueno����������\"",1
18/12/2022,1
“hecha,1
kutos-bertín,1
ganamos.,1
"diari.\"",1
'59:,1
todavía.,1
"fenómeno,",1
presentí,1
seleccionados,1
"\"#nacional",1
logran,1
fama,1
reaccionaron,1
faltarle,1
@robergalati,1
audacia,1
concierto,1
@bepro_es,1
nacer?),1
"\"yo?",1
"embargo,",1
"desear,",1
gráfica.,1
medida,1
trabajadora.,1
"seriedad,",1
individuales,1
"https://t.co/vfloykfisa\"",1
(aparece,1
mora,1
"https://t.co/dyf6vfzoi4\"",1
australia,1
'o,1
pareció,1
regresaron,1
periodismo,1
máñana.,1
"travesaño\"",1
bukayo,1
selección?,1
"siento,",1
cebaríamos,1
"https://t.co/gxbsvhppzw\"",1
pueblo.,1
"bilis,y",1
estuviera,1
"\"@eladiocarry_on",1
"\"huevo:",1
total...,1
regularidad,1
conocí,1
jogos,1
adoro,1
manos.,1
"liberdade.\"",1
perdiendo,1
quedaba,1
presente,1
"honesto.\"",1
"https://t.co/deysd5g4wj\"",1
hermanas,1
bailando,1
ira,1
asociación,1
"#fifaworldcupfinal",1
"ja\"",1
mano.,1
"sería,",1
"completa\"",1
barsa.,1
@fusernews_��,1
"esto.\"",1
"https://t.co/wlzfrz6rjo\"",1
agarro,1
fernández;,1
"\"sigue",1
ashi.,1
en...,1
"https://t.co/3ysth1p052\"",1
expresión,1
labura,1
competitivo,1
"messi\".\"",1
"https://t.co/spl0tl9bvl\"",1
don,1
"bobo\"",1
grulla������������,1
odio,1
preferí,1
tomó,1
suramérica,1
messi),1
"poco\"",1
polaco,1
“¡mi,1
"tagliafico,",1
"creerlo,",1
$1500,1
"https://t.co/dloxidxu8w\"",1
háganme,1
mansita,1
"\"dios\"",1
"cantar\"",1
"https://t.co/thvpzssv89\"",1
venía,1
sustancia,1
@alfremontes,1
tome.,1
volví,1
no?��,1
"https://t.co/gnpd9fsqzl\"",1
corazones.,1
"merecen,no",1
qepd,1
desvíes,1
sentiamos,1
horribles.,1
inmensamente,1
moda,1
"#2-",1
salido,1
"mejor,",1
"#noticierovv",1
"https://t.co/tfuq9nlfqz\"",1
"https://t.co/kz097o04ly\"",1
dudando,1
chico.,1
cuatio:,1
comenta,1
"\"@transfermarkt",1
"#dimaría",1
trepador,1
"#entretenimiento\"",1
rei,1
é,1
even,1
"https://t.co/6wa8pytill\"",1
robado,1
"\"chupenme",1
arcentina,1
madreeeeeeeeeeeeeeeeeeeeeeeeeeeeeeeeee,1
cr,1
supuesto,1
newell´s,1
bbc,1
aplaudían,1
"https://t.co/btwctwwiv7\"",1
hizo.,1
"messi\"\"",1
"entenderían.\"",1
sigas,1
"����,",1
"mujercita❤️\"",1
copa…,1
criticándolo.,1
dios”,1
"mrolympia,",1
exo,1
"\"oigan,",1
casado,1
"https://t.co/lpymczh1s0\"",1
obelisco!,1
"\"dame",1
"moros\"",1
completó,1
"\"gente,",1
pbi,1
pegarme,1
toke,1
badta,1
selfie,1
muerte?,1
“quiero,1
"saludo\"",1
máximas,1
"\"“el",1
proponer,1
reclamo,1
derecho,1
"#gh2022",1
bondi/subte,1
merezca,1
"#dimaria",1
expresaron,1
estábamos,1
molesta,1
"grande\"",1
extra,1
ayudan,1
apasionados,1
comentarios,1
prometio,1
chiste.,1
"#soydelachorrera",1
millonario,1
cambia,1
♥️,1
"https://t.co/7dyvnhe1sd\"",1
proceso.,1
"\"����|",1
europeo,1
"#hiperrealismo",1
"https://t.co/wvynh2qrvs\"",1
"#primera",1
dejá,1
tráfico,1
"silencio,",1
deportes.,1
fondos,1
madridistas..,1
repercutió,1
"\"gano",1
sacarla,1
eventing,1
����hernandez,1
cagaron,1
"país,",1
aguantar,1
reporte,1
"oro!!!!!!!\"",1
resaca,1
"largos?\"",1
"graciosa,",1
supera,1
"\"capa\"",1
copita,1
reales,1
"ese,",1
@qquemexico,1
"\"derrepente",1
christmas…,1
tranquilízate,1
acá:,1
renglones,1
⭐️⭐️⭐️����,1
messi!������,1
avanzado,1
https://t.co/v91leizyft,1
personas…,1
"https://t.co/qz64pszvcy\"",1
subió,1
frase,1
guatemala,1
"https://t.co/4u7jcpptzt\"",1
"cancha,",1
paul?,1
carismático.,1
"\"espero",1
beckenbauer,1
exclusivo,1
quedado,1
"#campeón.",1
tráguensela,1
triunfar.,1
"presidentes,",1
"\"salva",1
@bianchileiton,1
aplaudo,1
navideño,1
amoooor,1
"morir,",1
formal,1
santidad,1
eñ,1
"convirtió,",1
campiona,1
enero,1
hierve,1
contarle,1
lienzo.��,1
"\"2",1
"#tucumán\"",1
"hay\"",1
jamás,1
bajar,1
olvidamos,1
"https://t.co/hietlmgd52\"",1
insoportable,1
"likes\"",1
"recordatorio,",1
"����������������������\"",1
"https://t.co/mtyqdmxoki\"",1
"https://t.co/zul1wx4c1x\"",1
"tuya,",1
"aaa\"",1
(afp),1
"alma\"",1
"quejo\"",1
"#tedamásemociones",1
escucho,1
mismisimo,1
"https://t.co/ttrmt1ckhe\"",1
causó,1
alvarez,1
britney,1
chupe,1
perdieron,1
"porfa\"",1
"https://t.co/udppuzqnrj\"",1
admiración,1
bicho?,1
particulares,1
generar,1
"replica,",1
"celebrar,",1
francia”,1
asusté,1
"inventando,",1
brujas,1
entrenador,1
"https://t.co/30ohwc6ffz\"",1
@wadodepedro,1
"https://t.co/ykcyzaxzyf\"",1
1.970,1
bendecida,1
tenia,1
"pibe\"",1
"#colombiapotenciamundialdelavida",1
territorio,1
78-86-22,1
muchísima,1
tame,1
"https://t.co/qzqxpikuyx\"",1
"#fifamafia",1
"liberó,",1
"swift\"",1
julián).,1
chupan,1
"monstruo,",1
hamburguesa,1
"napolitana,messi",1
predio,1
comentario,1
futbolisticamente,1
grandes.,1
putos,1
absolutamente,1
drogas.!,1
empeñan,1
condena,1
terreno,1
xd,1
"\"mejores",1
haberse,1
"hernández,",1
"#pintor",1
https://t.co/u1gewyp3tr,1
andaba,1
pequeño,1
"d10s\"",1
dibujo,1
"\"tomando",1
querías...,1
gobernador,1
mayores,1
gigante,1
-mundial?,1
@gbeder,1
"rozario,",1
assamese,1
"messi����\"",1
('87,1
brilló,1
"\"nací",1
copa?,1
resuelta,1
acaban,1
comprueba,1
parió”,1
aguero?,1
"\"rotundamente",1
"¿parís,",1
"https://t.co/mbdkultvti\"",1
"scaloneta,\"gracias",1
registrados,1
"nervios,",1
burros,1
vinculado,1
próximas,1
"https://t.co/femzlebipe\"",1
],1
beckham,1
explicamos����,1
pepe,1
"posta,",1
drawing',1
"https://t.co/necfhcuknw\"",1
salud,1
"argentina...\"",1
nacio,1
walid,1
3),1
em,1
"https://t.co/h4mnnhz3jg\"",1
¡impresionante,1
pondría,1
activando,1
"\"dejareis",1
version),1
berrinche,1
"\"tanto",1
rosada.����������,1
"#argentinidad",1
"hollywood,",1
alaba,1
podes?,1
"bocú\"",1
"https://t.co/swbnalr63b\"",1
terminando,1
vagar,1
"lado,",1
2031,1
palabras.,1
daría,1
"necesidad(?)\"",1
barato,1
aquel,1
¡mirá,1
"\"tarados",1
"#principales\"",1
definir,1
(taylor’s,1
"#mundialdiferente\"",1
¿hacer,1
antagonistas,1
athletic,1
welbeck,1
not,1
resta,1
chingar,1
5000,1
"celebrar.\"",1
producción,1
tmb),1
diferentes,1
brazo.,1
"https://t.co/orattq97xa\"",1
league?,1
algo??,1
mundoooo,1
“y,1
(2022),1
chapa,1
"2022&lt;33\"",1
"#mafiafifa",1
hamad,1
"#pinalty",1
la.escuela.con,1
admiroo,1
recepciones,1
"\"pense",1
tito,1
hechos!,1
"#america",1
tranquilidad.,1
"nunca,",1
convertir,1
asueto...,1
"juarez.\"",1
"#goat",1
"\"▷��",1
"revancha\"",1
ningunearon,1
envió,1
@pinterest,1
@krispykreme,1
"mismo,",1
"https://t.co/t0fmevj2fq\"",1
kks,1
felicitats,1
��pelé,1
recibir),1
scaloni...ja,1
celu,1
"✊��\"",1
"precio\"",1
"chupandola\"",1
participaciones,1
destino����✈️,1
viaja,1
piensan,1
siri,1
"https://t.co/5u9wwlnyp0\"",1
"gvardiol,",1
jubilaba,1
fila,1
oro..��,1
riqueza,1
obsecada,1
serio”,1
"\"deberían",1
"único.\"",1
"\"#argentinacampeondelmundo",1
rugeri,1
swift!,1
medvédev,1
rodrigues,1
cierre,1
publicidad,1
carlos,1
"cualquiera,",1
choreando,1
pudiste,1
"mundiales\"",1
particular,1
"!!!!!!!\"",1
editadas,1
recuérdense,1
https://t.co/qezmsdeyth,1
"https://t.co/y2qdsdducb\"",1
importar,1
"carne,",1
"#mbappé",1
social.,1
malvinas,1
tatuarnosla,1
musiala,1
"tarea!\"",1
tribu,1
"pintada\"",1
"https://t.co/ubhpnzipan\"",1
"https://t.co/8ogjmvqr31\"",1
mundo!!!!!!!!,1
principal,1
difícil,1
sensación,1
europa),1
ganen,1
naciendo,1
"perdedor.\"",1
"#cta",1
"https://t.co/knhoupepvr\"",1
(@porliniers).,1
"ya!!!!!\"",1
toluquita,1
partes,1
perdió,1
ao,1
"mbape,",1
"admitir\"",1
rango.,1
❌ronaldinho,1
patéticos!!,1
mbapé.,1
deje,1
"\"@pepebrasin",1
"tragar,por",1
preguntaron,1
"https://t.co/pljdoyynd9\"",1
"increíble,",1
"https://t.co/irvu7js7a9\"",1
diosss,1
sanjuda,1
perdérmelo,1
promo,1
acostumbradas,1
records,1
"conocidos,",1
"hazlo.\"",1
música,1
millonarios,1
turistas,1
inigualables,1
"\"grande",1
constante,1
tatúo,1
"\"parce…",1
pelos,1
non,1
autor,1
"\"l\"",1
aun,1
ahorita,1
"alma������\"",1
talentoso,1
"#argentinafrancia",1
"https://t.co/jzddnwy8qw\"",1
álvarez?!,1
"⭐️⭐️⭐️\"",1
cambiaron,1
vender,1
"croatas,",1
terminó.,1
"https://t.co/gynwmmroyz\"",1
regates,1
"#19dic",1
@heraldodemexico,1
aucas,1
actuaciones,1
@david74sanchez,1
"resto,",1
"'bisht',",1
@fifacom_es,1
tatuando,1
finalmente,1
¡o,1
reconoció,1
"superen\"",1
twitts,1
clasificada,1
98%,1
"\"“en",1
rt?,1
power,1
nación,1
entrado,1
"cipayo\"",1
importaba,1
dni,1
odian.,1
"75,",1
irrelevante:,1
"\"'78",1
"#oleo",1
maria?,1
posterga,1
diferencial.,1
7.96,1
passarela,1
todita.,1
levantarte,1
anteriores,1
"������⭐️����\"",1
entro,1
manu,1
"https://t.co/trypfjgwub\"",1
ayer?,1
"ganadores.\"",1
"https://t.co/vrogpm9kpv\"",1
llegando,1
zinedine,1
oliver��,1
"ser,",1
@lioscaloni,1
https://t.co/luhggjagjp,1
elijo,1
crikoso,1
"@telefenoticias\"",1
¿en,1
consagrarte,1
estaban,1
2022.!,1
"#greatestofalltime",1
"#foxsportsenqatar",1
santiago,1
lágrima?,1
psicólogo,1
tdos,1
comparándose,1
"saliva,teneis",1
pifialeta,1
redimió,1
"https://t.co/vhxl0vlil6\"",1
proyección,1
templo.,1
recuerda,1
"llorera����❤️��������\"",1
"#danielaal9009",1
resumo,1
es.,1
nojoda.,1
revista,1
denle,1
¡nuevo,1
clave,1
cansados,1
renovado.,1
titular,1
albiceleste?,1
cn,1
22,1
"enero,",1
concejales,1
"debía”,",1
alzar,1
subís,1
aseguró,1
"\"lamento",1
"maradona\"",1
pelotazo,1
"\"chupenla",1
tetonas,1
demostraron,1
magnifica,1
"https://t.co/fxqm1qnj1t\"",1
"maradroga,",1
mitad,1
recordarles,1
segundos,1
ríe,1
rm,1
mariogotze,1
explicándonos,1
"huevos.\"",1
privado,1
@gabicerru,1
"creyeron,",1
descargue,1
"contar,",1
sentimiento,1
"https://t.co/v8rofkqmbb\"",1
argentina!,1
tipos,1
"https://t.co/xaumjmnmcw\"",1
alegrarnos,1
batería,1
"mundial”,",1
'albiceleste',1
"\"salvo",1
"https://t.co/hmp9vitzp0\"",1
molestia,1
"decíann,",1
"messi,ya",1
"corto\"",1
"roman?\"",1
"mi,",1
"grandeza,",1
clubes.,1
"parió\"",1
densa,1
sufrió,1
"https://t.co/lwtwdqll5o\"",1
"https://t.co/icxlsypgzs\"",1
"\"pero",1
importantes.,1
barcelona.,1
vida!!,1
escribo,1
https://t.co/2xxj70drwq,1
mandamos,1
"bronca\"",1
quever,1
remate,1
consideró,1
"\"tambien",1
"\"¿crees",1
"https://t.co/bv8hsk08ip\"",1
pudimos,1
"percepción.\"",1
escondidas,1
"\"primero",1
seleccion!,1
"\"��las",1
puedan,1
"\"alguien",1
@larroqueandres,1
dos:,1
alcanzan,1
"exceso.\"",1
"quería,",1
venimos,1
2005,1
fui.,1
"livakovic,",1
vestido,1
inigualable,1
"\"bueno,esta",1
"festejando,",1
"https://t.co/1cnlwakpyj\"",1
52,1
karim.,1
abuela.,1
roja,1
gustó,1
����alvarez,1
opacar,1
news,1
"bendita,",1
100pre.,1
auto,1
*,1
"https://t.co/xgl0cxzp1p\"",1
"#diez\"",1
pacto,1
loverfans,1
"florinda',",1
rey],1
tremendo,1
"huevo?\"",1
"������⚽\"",1
guardias,1
"títulos,",1
tipazo.,1
francesa,1
"\"día",1
"maradona?��\"",1
cerrada,1
(campeón,1
"https://t.co/5cjekesqur\"",1
seria,1
"https://t.co/29bquwe861\"",1
"nasr-azadani\"",1
ellos.,1
"amigos,",1
platino,1
podríamos,1
"https://t.co/6ksabercfn\"",1
"#campeóndelmundo",1
"muletas,",1
estrategia,1
motivación,1
@messismo10,1
"beso,",1
raul,1
"\"queria",1
https://t.co/v63zigooyi,1
"desapercibido,",1
������������������������,1
“cristiano,1
monta,1
"\"nadie:",1
debatible,1
finalissima,1
simbolo,1
celulares,1
▪,1
"ortos\"",1
"⭐⭐⭐������\"",1
cabra,1
"https://t.co/pvudeirfsh\"",1
av.,1
sufrida,1
osores,1
"\"aquí",1
consecuencia,1
tipo...,1
"\"opino",1
"\"tapa",1
"https://t.co/v8tgotoei7\"",1
"reglamentarios,",1
desconocido,1
vato,1
rasgos,1
perder,1
bin,1
asistente,1
cruzan,1
"#noalarosada",1
natural.,1
pegarle,1
aires…��,1
k-pop,1
ocurrido,1
"disfrutala,",1
������⚽️,1
"piense.\"",1
"buey\"",1
despierta,1
messi..,1
"cuenta.\"",1
antimadridistas,1
equipo����que,1
"\"amigo,",1
https://t.co/njf7xbqs50,1
"mozart\".\"",1
estúpida,1
ustedes?,1
aprende,1
seis,1
"gavi,",1
vestuario.,1
"anterior,",1
"#lanoticiaendiferentestonos",1
"llore,",1
haz,1
"roccuso,",1
avenida,1
semejante,1
"allister,",1
messi✨️,1
(dentro,1
"lionel,",1
jjajajs,1
"paoli:\"",1
rendida,1
1cosa,1
"https://t.co/r6gfgwls8d\"",1
⭐️⭐️⭐️,1
andersson,1
"\"com",1
manchada,1
"#losojosdeqatar������️",1
¿serías,1
"sticker”,",1
"rectificarse\"",1
��t,1
"respetuoso,",1
mu,1
rey/dios,1
"#betregalmexico",1
solo?,1
ignorando,1
"neymar,",1
"#deporte",1
felices.,1
muchísimos,1
"https://t.co/dcy8ciz9y1\"",1
faker,1
agradeciendo,1
"fin\"",1
"olímpicos,",1
canchita,1
son.,1
"pele-maradona-messi.\"",1
isern,1
roman,1
tapando,1
monasterio,1
"\"chicos",1
dura,1
"#circulocentral",1
póngale,1
"méxico.\"",1
"honesta.\"",1
"gano\"",1
��la,1
hermanastra,1
traidor,1
"https://t.co/iz21ur2yoj\"",1
pusieron?,1
chabon!,1
llevándola,1
"\"@rockstargames",1
"https://t.co/5ghj8lmfkp\"",1
"https://t.co/6aaz2r6d4o\"",1
"https://t.co/b7uyb1keev\"",1
"mexico,",1
compartida...,1
"humo,",1
https://t.co/6gdjkmbyvb,1
"cr7777777777777777777s\"",1
tomar,1
muchísimo,1
perdiste,1
"https://t.co/nnawkmemzc\"",1
pasaje,1
cambiarle,1
playlist,1
caballito,1
convertirse,1
creador,1
"https://t.co/25g0gwqykm\"",1
frotándose,1
meta,1
"lionel\"",1
valorar,1
"1.\"",1
https://t.co/3ypfvubqbe,1
"#carteldelgol",1
sustancias,1
"patadas.\"",1
dices,1
"histórica\"",1
años’.,1
����mbappé,1
"#festejosargentina",1
verlos,1
eruditos,1
guardaré,1
"https://t.co/vo0tjzcrr0\"",1
vine,1
francia:,1
@blayasensat,1
"\"cuidado",1
volviò,1
"abrazos.\"",1
esclava,1
familles,1
"\"quédate",1
"https://t.co/asueehjuvk\"",1
"hilarante.\"",1
"#argentinacampeon2022",1
"vieron?\"",1
"https://t.co/o9pzhnvumj\"",1
parecer,1
upto,1
https://t.co/vtfzcwxgms,1
"\"⭐️toda",1
https://t.co/i5mkf6nuct,1
"manos,",1
vacaciones,1
"https://t.co/gyubxfhtzl\"",1
"https://t.co/rhd11h98gt\"",1
puteaban,1
cima,1
"\"banda",1
"periodistas\"",1
sonriendo,1
sumado,1
familiero,1
antonela❤️‍��,1
"https://t.co/u4emlyytkt\"",1
pasarnos,1
"extra,",1
pelearon,1
aceptandolo,1
retorno,1
"occidental,",1
"mal,",1
"verdad,",1
"\"actualizado",1
"https://t.co/upwltb27pq\"",1
"jugadores…https://t.co/m5l8whmzlk\"",1
"naranjeros\"",1
pensaría,1
enamorarme,1
"niños\"",1
"#argentinavsfrancia",1
seguía,1
informa,1
"https://t.co/6o6ntjaabe\"",1
poderosísimo,1
sano,1
"dibu\"",1
desaparición,1
"poderosa.\"",1
mierda��,1
"horas,",1
"dos\"",1
salia,1
anhelado,1
"scaloneta,",1
"#qatar2022\"",1
"montiel,",1
superan,1
"\"goles",1
dejare,1
"libertadores\"",1
"\"disculpen",1
ordenanza,1
"\"atención",1
yo?,1
"inventar��\"",1
"chiquito,",1
"https://t.co/0sirlge8ie\"",1
"wow”\"",1
mundo.:,1
"#96sports",1
metieron,1
"olimpia,",1
vendiendo,1
idoneos,1
gracias.,1
"religiosos,",1
transformó,1
"oración,",1
"https://t.co/qftejwbdgs\"",1
rufi,1
"preñar,",1
lagrimas!,1
conforme,1
"avenidas,",1
jodido,1
dios.,1
"https://t.co/h0kcfe5u8l\"",1
"título,",1
firmada,1
"juju\"",1
"#albiceleste",1
"messi?????¿¿¿¿¿¿¿\"",1
"#fútbol\"",1
buenos!,1
messi����,1
"@santi_ese\"",1
"neymars,",1
recordó,1
(3-4-3),1
"muerto\"",1
"https://t.co/mljwoso4z4\"",1
"https://t.co/uigoh3n6gw\"",1
tomemos,1
requisito,1
"https://t.co/77i3xskxpe\"",1
"jugador,",1
"antonela?��\"",1
"��♥️����\"",1
"favorrr\"",1
ko,1
indeleble,1
"hiciste\"",1
"https://t.co/x9lbldinm1\"",1
"https://t.co/uyagtbou0z\"",1
"https://t.co/u8ux71jdua\"",1
2026:,1
anfitrión,1
"conciencia,",1
@registraduria,1
lloramos,1
experimentaron,1
documentarse,1
dramática!,1
madrid!,1
objetivo:,1
llegar.,1
"mas\"",1
"demás,ya",1
griezmann,1
"https://t.co/uutmi18wmp\"",1
pelearla,1
pensaron,1
traerla.,1
ocurra,1
cerró,1
benaite,1
escenarios!!!,1
"https://t.co/qjzltfdgct\"",1
predijo.,1
"ortega,",1
(!),1
"#copalibertadores\"",1
"#deunaxsf.",1
básquet,1
"arrunchis,",1
solo.,1
"favorrrrrrrrrrr\"",1
desilusionados.,1
https://t.co/7nevti6uqp,1
"��������‍♀️������\"",1
"\"messi.",1
evitó,1
"\"plan",1
increible,1
aprender,1
rotonda,1
"https://t.co/axklnb5te1\"",1
atras,1
��viva,1
cesar,1
"\"hermoso",1
fútbol?,1
"https://t.co/megs90kwxl\"",1
nefastas,1
logros,1
2⃣,1
100,1
españa:,1
"dimaria\"\"",1
"messi,los",1
inrip.,1
"https://t.co/1kvvpx5wj5\"",1
chiringuitera,1
prohibido.,1
miraban,1
imaginándonos,1
tomando,1
espectador,1
descomunal,1
"\"sisi",1
“así,1
"https://t.co/2k92zwgp2d\"",1
messi).,1
ególatra,1
"❤️����❤️����❤️����❤️����❤️����❤️����\"",1
disciplina...no,1
"⭐⭐⭐����\"",1
contentos,1
"#pelé",1
___,1
"curso,",1
"https://t.co/dpmqgh19p8\"",1
4t,1
"messi”\"",1
derechos,1
extraña.,1
levantara,1
"\"club",1
@daniarcucci,1
"mejor!!\"",1
cárcel.,1
"https://t.co/kslrgzvsgn\"",1
"https://t.co/dfu19mg9vf\"",1
"\"están",1
"\"@eltreceoficial",1
flor,1
"❤‍��\"",1
18,1
"hpta.❤️‍��\"",1
"https://t.co/vlxpk91ssw\"",1
litio,1
jijiji,1
relacionado,1
"������❤️\"",1
"https://t.co/xrg4epeuef\"",1
soñe..se,1
(,1
director,1
"https://t.co/a8b1nhogho\"",1
creo.,1
dude,1
"\"honor",1
tipo.,1
comunes,1
"\"pensar",1
a.messi...,1
"trans\"",1
eh?,1
"\"tuvimos",1
"digo,",1
"\"luis",1
mundo????,1
audaces,1
gastada,1
"\"subo",1
"https://t.co/z6s8rxozf5\"",1
suplentes,1
merecer,1
"\"acuérdense",1
(con,1
cegados,1
50m,1
alg,1
cruyff,1
abrazando,1
exhibida,1
montiel.,1
aka,1
"serie,",1
cabrones,1
celebridades,1
"https://t.co/a2zfnabfsz\"",1
⁦@oficial7dimaria⁩,1
messi...se,1
"\"estamos",1
euros.,1
"\"⭐️⭐️⭐️",1
mostrar,1
mismas,1
ganartelo.,1
"https://t.co/ueynm1o9eu\"",1
patrimonio,1
detalles!,1
7_molina,1
"conquistarla,",1
"extrajero,",1
veces:,1
suceso,1
bajándola,1
aprendí,1
debiera,1
"https://t.co/u2ade6t7ae\"",1
@elgraficoweb,1
chupelen,1
comportan,1
pelotudos,1
"frustrada,",1
importantes:,1
levantaban,1
"\"woke:",1
"https://t.co/cyejzb0a47\"",1
epetacular,1
be,1
"#memeita",1
"otamendi?\"",1
masón,1
"prdn\"",1
otorgar.,1
ronaldo.,1
registraduría,1
https://t.co/tw0sk3t9gi,1
mágoa,1
aprovecharon,1
"semifinalistas,",1
"https://t.co/3uqhf0vj5c\"",1
diciembre,1
¡la,1
pacheco,1
este:,1
comían,1
"huevo,no",1
guarros,1
persignó,1
manda,1
hiciera,1
corta.,1
acreditar,1
"leerlos,",1
alv,1
clubes,1
conozco,1
celebrar.,1
impactos,1
actualizar,1
https://t.co/p8lzwybj3e,1
acuñó,1
"demasiado\"",1
3ro,1
"\"firma",1
"#finalworldcup2022",1
"https://t.co/xv6pmtogww\"",1
"melody\"",1
"libertadores,vi",1
sjajjaa,1
europeo.,1
nací,1
"https://t.co/09d7wjmteo\"",1
delanteros:,1
tabarez,1
"recibirlos.\"",1
"https://t.co/e7l7xjyonq\"",1
alegraste,1
"\"\"messi",1
"ligas,",1
vitrina,1
valor,1
azteca?,1
"\"@eldoctorpelaez",1
deportista,1
"https://t.co/ttsnawbrn4\"",1
europa.,1
"pedri,",1
ocupan,1
comparando,1
tw,1
"\"termina",1
caer...,1
colgando,1
raya,1
"sacloni.\"",1
"lados������\"",1
esquivo,1
rivera,1
"....\"",1
https://t.co/5lun6rralk,1
taco,1
conquistó,1
dixera,1
"sentido\"",1
obscenos,1
"control\"",1
tendré,1
super,1
100%,1
emocionaron,1
"mejores.\"",1
nacional!!!,1
"ceremonia,",1
terminamos,1
"#lariquezadelainformacion",1
italia,1
copiar,1
"amigo,",1
leí,1
"\"dios",1
"1994\"",1
"griezmann,",1
pocos,1
facial,1
"likeada\"",1
"https://t.co/659ckkz0hd\"",1
loita,1
oír,1
"https://t.co/b7upx5qr4s\"",1
panadería,1
unidad,1
"#copadomundo",1
"#lionelmessi",1
descubrir,1
esquizofrenico,1
buscando,1
frío,1
..,1
"#cachorrogodoy",1
"pies\"",1
"https://t.co/qflxlbxmxh\"",1
@a3noticias,1
cueva,1
repente,1
"\"sinceramente",1
"tecnico,",1
"#noerapenal",1
afirmar,1
leído,1
suelo!,1
18/12.,1
inolvidable.,1
usar,1
compartió,1
"creer,",1
"apoyo,",1
ganado.,1
nivell,1
��que,1
quitar,1
inundaron,1
planeta.,1
"total\"",1
"https://t.co/rtmdd4kl7f\"",1
sera.,1
hacemos,1
¿vuelve,1
xenialidade,1
"partida,",1
"#pubgmobile",1
cartel,1
"\"frances\"",1
"mínimo\"",1
junio,1
marito,1
endulzados,1
https://t.co/x6r7hscz8g,1
denigra,1
dormi,1
jajajajajajajajaja,1
flipa,1
llena,1
put0s,1
regalar,1
"messiiiii\"",1
allá��,1
"#clarinesmafia",1
regalara,1
26,1
"casual,",1
conmovió,1
asumiran,1
swift+leo,1
"chupenla\"",1
convertido,1
"https://t.co/xtjoegnrjk\"",1
"#messi��day\"",1
maradona”:,1
"https://t.co/ftanbfkxhd\"",1
"https://t.co/gc1ldcon1t\"",1
sorete,1
preocupación,1
"#cgt",1
"\"cristiano",1
lastima,1
debates.,1
https://t.co/ilgsizi4ut,1
brazos.,1
"\"tercer",1
"todo.\"",1
entrenamientos,1
¡salud,1
pibes.,1
"https://t.co/d7avo8ryhr\"",1
"hombre,",1
magangué.,1
"tenemos,",1
miércoles,1
"https://t.co/ztdckz6knq\"",1
naci,1
qatari,1
victorias,1
superstición,1
cayendo,1
"\"invoco",1
"league,",1
➡https://t.co/dk1mibzmzc,1
subscribete,1
"paz.\"",1
"https://t.co/l4fcjaeooo\"",1
campione,1
preguntarme,1
"\"madridistas",1
"#argentinacampeondelmundo.",1
"https://t.co/djugkhxrbx\"",1
acordé,1
ponganle,1
assamese������������,1
capacidad,1
conseguí,1
esperada.,1
@soydelachorrera,1
"https://t.co/pplpglmobt\"",1
"\"nonono",1
cambio,1
faltara,1
alcabo,1
finalizó,1
mencionó,1
peluso,1
link,1
imbécil,1
"https://t.co/kzqju8kqao\"",1
"https://t.co/pvkfdzq78r\"",1
niñez,1
"messi❤️\"",1
"https://t.co/vvlindolzv\"",1
"��⚽��������\"",1
pofavo,1
"junta\"",1
"https://t.co/sf4s98soyr\"",1
"#informativosta",1
apoyando,1
paciente,1
.��,1
"\"siento",1
"vernos,",1
camiseta.����⚪��⚪,1
la.argentina,1
manifestando,1
impecable,1
asociados,1
amigas,1
pagar,1
seguidos...,1
"repeeee����\"",1
"scaloneta!\"",1
"katarina\"",1
oro!.,1
empecemos,1
lineamientos,1
monada,1
"\"terminaron",1
1-,1
cantando,1
podcast,1
https://t.co/6qqj6htexm,1
"pesa...\"",1
pueblos,1
se.,1
hacerlo.,1
depa,1
"obvio,",1
"pelaez,",1
tetas,1
américa.,1
"ganas,",1
dadas,1
éxito,1
mujeres.,1
"jajajajaj\"",1
l10nel,1
ochoa,1
colgarse,1
conoció,1
triplete:,1
maradona?,1
"\"@pelongomis",1
mencionarlo.,1
existencia,1
tiro,1
'22:,1
qatar:,1
⭐,1
"consiente,",1
pongamos,1
"alma.\"",1
lío.,1
"https://t.co/mluhxruium\"",1
"https://t.co/6nfypqwcoz\"",1
maradona),1
“festejo”,1
entrega,1
perdon,1
libro,1
"época,",1
"https://t.co/i4wptqebuy\"",1
carrera.,1
ejemplo!,1
npc,1
tott,1
"\"honestamente",1
¿pudiste,1
tachado,1
descarados,1
detras,1
¿necesita,1
team,1
–,1
"\"demeritar",1
"#antonellarocuzzo",1
"https://t.co/vtxs8xqmpu\"",1
libres,1
argentina-francia!,1
"cohete,",1
manera.,1
muerto,1
traves,1
argentina),1
"mundooooooooooo\"",1
decidir,1
conocían,1
tendrá,1
transparente,1
hubiese,1
"sabía,",1
"https://t.co/i47ou8uwm2\"",1
"https://t.co/hnlufpgkfv\"",1
ocaso,1
"papaaaaaa��\"",1
"https://t.co/l3xktnxnix\"",1
contemporaneo,1
"diego?\"",1
fútbol;,1
indibujable.,1
"https://t.co/ocpxa79u6r\"",1
abuelo,1
rosada...son,1
txt,1
"\"aver",1
sí:,1
es!!,1
"\"xi",1
"https://t.co/efivyhhsyn\"",1
milanesa,1
dió.,1
calle),1
comparto.,1
cambiarlo!!,1
lindas,1
recibidos,1
"gemelo,",1
¿concretará,1
@ctaautonoma,1
video:,1
messi������,1
mamada,1
tipo???y,1
trick,1
interprete,1
pola,1
"\"gracias����",1
desearía,1
"arco,",1
"\"-no",1
"https://t.co/6cb7wdq9mg\"",1
"ignoran.\"",1
apostar,1
jodidos,1
mayor.,1
mundial.a,1
detractor,1
"https://t.co/yqtnfxw5b0\"",1
"altura,",1
obelisco.,1
debatir,1
atajada,1
min.,1
"#pelaezdefranciscoenlaw\"",1
"https://t.co/pygijnt3cp\"",1
"sociales,",1
compararon,1
fuerza,1
"polo\"",1
"#revistaq",1
machismo,1
bsas.,1
cadenas��,1
"\"algo",1
garantizado,1
@aguerosergiokun,1
"https://t.co/vtgfy3jped\"",1
"inmensidad,",1
fav,1
familia.,1
martes,1
odiar,1
desastrosa,1
cancela,1
dejan,1
"\"cualquier",1
díaz,1
"resto.\"",1
subo,1
"muchachas,",1
https://t.co/bxqpmyndks,1
"\"odio",1
dejaría,1
"����⭐⭐⭐��\"",1
https://t.co/27bhrte5sv,1
buens,1
[vía,1
"https://t.co/47b4yvw6wr\"",1
"rosario,",1
árabes.,1
hablarle,1
obtención,1
frases,1
duela.,1
saudita.,1
"logrado,",1
coronó,1
"(1982),",1
"stéfano,",1
entrevistas,1
"https://t.co/cpw6sorlsj\"",1
chimba,1
freno,1
hago?,1
enculada,1
"abp,",1
"bilardo,",1
chava,1
contenta,1
"������⭐⭐⭐\"",1
chuker,1
"https://t.co/kg190j6tnx\"",1
"https://t.co/0plym3dsc9\"",1
"#últimahora\"",1
ojo?,1
2006),1
rendirse,1
1_messi,1
melody,1
quitó,1
nomas,1
"#loverfans",1
golden,1
"10\"",1
entorno,1
var,1
sufrí,1
rescato:,1
lateral,1
emocionante...,1
"\"alexis",1
--&gt;,1
wuacha,1
"toda,",1
hacernos,1
caña.,1
https://t.co/d423cdjkwo,1
cuándo,1
lesiones.,1
"\"⚽️",1
"estés,",1
kpopers,1
llaman,1
puteado,1
dignidad,1
selló,1
desglosando,1
"\"¿habrá",1
sofascore,1
tranquila,1
sueños.,1
"eterna.\"",1
"\"⏳����",1
cantante,1
"\"aaaa",1
"\"anti",1
'86:,1
nacional.,1
"\"giovanni",1
"bro\"",1
compartimos,1
"pasar\"",1
"abrazos,",1
scaloni?,1
"\"����argentina",1
disputados):,1
relajo,1
mill,1
súmele,1
odia/envidia/putea,1
"https://t.co/l5dkmabicx\"",1
estatua,1
"debate\"",1
pan,1
"#golcaracol",1
fabián,1
epoca,1
hermosa:,1
finalizar,1
terapia...,1
"#talento",1
"otro,",1
suplementarios.,1
albert,1
invito,1
revela,1
tío,1
2013.,1
lograste,1
"\"@caracolnoticias",1
completo:,1
@10ronaldinho,1
"netherlands,",1
"antonella,",1
séquito,1
"https://t.co/zoirphuqqo\"",1
"https://t.co/kd2alvbqne\"",1
'capa',1
mandar,1
macalister,1
"23,",1
"#hugoyasky",1
entrada,1
"https://t.co/eywhjrvzuw\"",1
ricardo,1
"https://t.co/kiftlckgw8\"",1
dudas,1
"cabra,",1
"mesquindad.\"",1
canelo,1
listita,1
"#gh202",1
",piernas",1
"semana\"",1
"jajajaj\"",1
"idiotas.\"",1
(abro,1
importa!,1
posdata:,1
federer:,1
desperte,1
periodistas:,1
demorando,1
equivocó,1
tambien.,1
joyas,1
usan,1
deberíamos,1
"\"mira",1
eh,1
"\"“si",1
vaso,1
"\"4",1
podían,1
joan,1
"veces,",1
guillermo,1
¡lo,1
"queretaro.\"",1
"\"¿querés",1
historial,1
repetición,1
banco,1
"vuelve...\"",1
"solos\"",1
177,1
"\"acabó",1
dejarme,1
"nacional,",1
felicito,1
jenna,1
ronaldiño,1
"https://t.co/cznftjtkke\"",1
york.,1
"muerte,",1
▪lionel,1
"ganado,",1
bernabeu,1
tira,1
contrario,1
"él\"",1
mirá,1
verdad??,1
entender,1
"mundoooo\"",1
anuló,1
quejéis,1
"diego\"",1
rutina,1
"https://t.co/3nxlfccn9p\"",1
global,1
palabra,1
on,1
"amoamoamo\"",1
válido,1
@lequipe,1
geniales!,1
rival,1
campeónn������,1
carteles,1
diego...��,1
"si\"",1
(afa).,1
reportaje,1
prometió,1
gala.,1
todo!,1
"sigue,",1
superaré,1
3_otamendi,1
"\"yo???le",1
"https://t.co/trlfs8unmw\"",1
clubs,1
seguida,1
raro..,1
round,1
declarar,1
"ejemplos...\"",1
"https://t.co/nrxufcn44n\"",1
"\"@somoslasele",1
"https://t.co/vjysjklrie\"",1
tocó,1
"ruedas,",1
despertar,1
pésimo,1
valdano,1
idols,1
"https://t.co/nf9ovsyysy\"",1
"https://t.co/zutplauqlp\"",1
b),1
ponia,1
"\"importantes\"",1
ché,1
"1\"",1
lio),1
"algo,",1
alentando,1
"\"��️la",1
fallado,1
olvidado,1
aventó,1
ok,1
simp,1
"centeno,",1
"https://t.co/mt6owmfbfo\"",1
pegaban,1
"país\"",1
pasamos,1
"\"[el",1
lunes!,1
años..,1
capital,1
"\"volverá",1
"https://t.co/xrw3xwcp7u\"",1
"#scalogneta",1
"@larazon_es\"",1
(di,1
arrecha,1
disputar,1
salíamos,1
"#messiestasosteniendolacopadelmundo\"",1
pone,1
perdedores,1
"ñoñerias.\"",1
entonces?,1
lunares,1
venezolanos,1
pele...,1
"\"pensaron",1
"dudoso,",1
sentirse,1
"(,tercera",1
(1986),1
gallina!,1
ceremonia,1
"messi\";",1
"https://t.co/l3nw8xdhli\"",1
"������������\"",1
creyendo,1
19,1
⁦@lioscaloni⁩,1
pede,1
volvamos,1
"todos��������\"",1
wachooo,1
voltea,1
conviven,1
"https://t.co/nl8ikymeia\"",1
"roña,",1
"identifica.\"",1
"\"jajsjs",1
"\"¿lionel",1
"\"salir",1
lleváis,1
"https://t.co/7aniqsvqmg\"",1
faltándole,1
gusta',1
"\"⚽️pelé,",1
llegara,1
ufffa,1
"\"@daniellachavezc",1
brasileña,1
götze,1
"éxito\"",1
"https://t.co/sdq60dz0y5\"",1
veeeerrr!?,1
record,1
"\"elmejor",1
animal,1
revitalizaron,1
https://t.co/et7oa10cq2,1
mismos,1
realidad.,1
cancer,1
empezó/,1
futuras,1
torneo,1
"potencia,",1
"\"¡los",1
"precio,",1
"#arte",1
entiendo,1
"https://t.co/oy2hqqajax\"",1
"jajajaj,",1
"https://t.co/t6ivgva1ho\"",1
botas,1
"https://t.co/3llmpvoimj\"",1
"https://t.co/furjskps70\"",1
"��\"se",1
eligió,1
"huevo,",1
sudamerica,1
"háblame.\"",1
"\"mbappé,",1
"\"loco,",1
hermanos,1
"https://t.co/fok0hdwb0g\"",1
ganarlo,1
23,1
volvieron,1
"novia,",1
"final\"",1
"https://t.co/jfofgwkowp\"",1
"equipo❤️��\"",1
decidido,1
"https://t.co/1k4bz7qslk\"",1
defensa:,1
"fútbol,que",1
"\"ese",1
"capitán.\"",1
"\"uds",1
jajajaa,1
apellido:,1
"https://t.co/vejkco7prg\"",1
reconocés,1
sospechan,1
"gratis?\"",1
autoridades,1
"puñeta\"",1
"arreglado,",1
"legionarios,",1
"#barcelona?",1
"\"recién",1
llamar,1
"https://t.co/oqkzwpnkyf\"",1
"https://t.co/rbvfbzjssg\"",1
calentitos,1
incógnita.,1
"https://t.co/b9ir3ta6ev\"",1
portal,1
"https://t.co/szrfb8empp\"",1
fútbol),1
llgar,1
����livakovic,1
"sobrevalorado,",1
combinar,1
queren,1
"#deportesred92",1
ounahi/amrabat,1
fisico,1
disney.,1
proclamado,1
mario,1
2-,1
"#kevindebruyne",1
actriz,1
maiores,1
poster,1
récord:,1
"blanco.\"",1
"https://t.co/7oieahlqdc\"",1
maguire,1
"https://t.co/yy9c5xgbma\"",1
"mierda,",1
editorial,1
"https://t.co/aphoxbgcpw\"",1
"#lionelscaloni",1
"https://t.co/322u9nkxvx\"",1
youtuber,1
noche,1
url:,1
recordando,1
rango,1
"\"perdoname",1
panameño,1
enfocó,1
petando,1
"\"debido",1
¿quiénes,1
mantenía,1
"dejan,",1
veterano,1
grondona,1
dale.,1
quedaron,1
"cancha.\"",1
"emocione��\"",1
favorcillo,1
"https://t.co/fxcs6v5ywq\"",1
"mundialista!!!\"",1
técnico,1
"\"revista",1
vamooos,1
"\"triste",1
@rodro77:,1
celebración,1
paraguay,1
destinado,1
trayectoria,1
"\"rt",1
genioo,1
tarot,1
“tapados”,1
"caceres,",1
muertos,1
decir...��‍♂️,1
"está,",1
decirte.,1
"\"#elerarioteinforma",1
iñiguez,1
embargo,1
⚠️,1
"admiro,",1
jugador.,1
disfrute,1
"https://t.co/r1nleeulnb\"",1
antonia,1
anita,1
retrato,1
premiación,1
pie*,1
"\"cree",1
"https://t.co/gdhxullo0l\"",1
spameo,1
bella,1
camerino,1
felicitan,1
diversas,1
⁦@tapiachiqui⁩,1
@ibaillanos,1
����enzo,1
"\"@ieomessiok",1
noticia:,1
"aires,",1
",#jeje",1
escoria,1
"\"sólo",1
buenosaires,1
religión,1
"https://t.co/ii6fh3hklm\"",1
"nasr-azadani,",1
mínimo,1
"https://t.co/zbasezsin5\"",1
partes.,1
goat.,1
acumulado,1
ball,1
irse,1
"mx\"",1
apesar,1
contratar,1
gobernante,1
llamado,1
decían…,1
"psg?\"",1
"vidas,",1
poronga,1
https://t.co/4el5in7wgp,1
"vecinos,",1
gvrdiol,1
lados,1
"\"les",1
triple,1
5️⃣.,1
produce,1
funcionan,1
amoor,1
escuchando,1
cabida,1
"#lanazionlatnesadentro",1
veces):,1
"usuario,",1
2022:,1
"arg.\"",1
"#laprensasecuestrada",1
"\"hagamos",1
adidas?,1
viejos,1
quitan,1
"https://t.co/i1djsmawi0\"",1
quizas,1
dos.,1
completa...,1
"#messi��.",1
"https://t.co/worjrucpfo\"",1
visitó,1
“viejo”,1
"https://t.co/flffna2ja9\"",1
"https://t.co/y6vbq8mhlp\"",1
"pero,",1
período,1
"#robo",1
mero,1
quitarán,1
leyendas,1
"largo,",1
hayan,1
uniforme,1
mago,1
"dictador\".",1
"aclarar.\"",1
tobey,1
emocionados,1
razones?,1
"#tornasol",1
"sangre,",1
señalamiento...,1
bueno....,1
"https://t.co/u272lcxym8\"",1
independencia,1
ella.,1
coloridos,1
"eh,",1
arquero:,1
"\"makia",1
(34,1
"infabtino,qatar...",1
"\"empezamos",1
óleo,1
escalofrios,1
prórroga,1
formal?,1
guardando,1
player,1
"sinceramente,",1
vayáis,1
azteca,1
maradona....,1
"virgen.\"",1
data,1
robar,1
sabía,1
"https://t.co/mb0zae7glq\"",1
mía”,1
resentidos,1
buah,1
argentina��,1
cumplió..,1
"@fundacionmessi\"",1
entrenadores,1
"pija,",1
"https://t.co/tokjrz8msz\"",1
malambo,1
"bahsir,",1
"lautaro,",1
2022?,1
"ajfjajjfjz\"",1
"#yoveosalvame\"",1
"https://t.co/s4im7sj2ql\"",1
"puede.\"",1
"mio\"",1
"bastante\"",1
elección,1
botella,1
vez..,1
su vida,1
espectáculos,1
viciosos,1
"https://t.co/eq3qawl3io\"",1
fumar,1
"\"❌pelé",1
"dias,",1
"alegría\"",1
meses,1
montón,1
aguantarse,1
dame,1
https://t.co/pwpyy71on8,1
"excusas,",1
"ello.\"",1
celebró,1
"mandatos,",1
"\"digan",1
"\"maladroga",1
1966,1
"\"����el",1
celebren,1
sincronía,1
"volvemos?\"",1
collage,1
full,1
"\"mañana",1
"europa.\"",1
"\"ultimo",1
"exijo.\"",1
andrew,1
personalidades,1
⁦@notamendi30⁩,1
"francisco.#pontifex_es\"",1
amanecieron,1
reinado,1
maría:,1
"títulos,,,",1
honestamente!,1
"\"escuchando",1
"https://t.co/6gwspzbhvc\"",1
☠️,1
(estaba,1
"nación.\"",1
sufre,1
lugares,1
estén,1
"\"cerruti",1
deportiva,1
angulo,1
amplia,1
"b\"",1
"https://t.co/4ttakbg0at\"",1
"números,",1
ayudaron,1
"\"@juliorazona",1
"https://t.co/fgk766qfod\"",1
(3,1
pulso,1
"antonela?\"",1
cuauhtémoc,1
moltes,1
"\"#mundialqatar2022",1
@leomessi,1
"mundial!\"",1
"bien,",1
"copa��\"",1
enseñar,1
"ya?\"",1
merece...,1
"\"decías?",1
batió,1
"https://t.co/ocap77jy1u\"",1
sangre,1
vestuario,1
"gallardo,",1
hacedme,1
"@wiemeyer\"",1
"\"estrellas",1
"https://t.co/3mtmxxjsik\"",1
decir:,1
"������������������������������\"",1
40,1
ridi,1
fernandez,1
"2,",1
jules,1
cuan...#fútbol,1
"#flavioazzaro",1
título.,1
‘nosotros,1
"depre,",1
máquinas,1
"pelotaas������\"",1
eso.,1
felicita,1
7.97,1
"malo,",1
folló,1
recibiéndome,1
"https://t.co/zupoztmxba\"",1
����������✨principalmente,1
pasaporte,1
onda,1
"https://t.co/4jfx8kzgsq\"",1
"escritorio\"",1
decidirá,1
consagraba,1
"https://t.co/qwxhstf4u1\"",1
cr7.,1
"maracana,",1
héroe,1
convirtiéndose,1
"messista,",1
cruzarse,1
"\"alemania",1
necesita,1
logramos,1
"\"@alferdez",1
"https://t.co/njbwgamgmj\"",1
"https://t.co/mgb05e46hy\"",1
8.74,1
"https://t.co/josepnz3hq\"",1
"pelotudito\"",1
pasada,1
dedicó,1
"https://t.co/ggwrjouxw7\"",1
"https://t.co/csao1krcoa\"",1
violín,1
pierna,1
morte,1
¿quien,1
muchos/as,1
♥️��⚽,1
duki,1
waffle,1
criticó,1
igual.,1
"#dibujos",1
newells,1
"https://t.co/azimznuoeh\"",1
"homenaje,",1
ret,1
messi...hasta,1
"https://t.co/3cgvpexamd\"",1
"decirlo����\"",1
"https://t.co/tz0hpgfhnb\"",1
votos,1
falso,1
"che,",1
escribí,1
jajajajjaja,1
"acuerdo,",1
“quedamos,1
¡maradona,1
pantalla?,1
evolucionados,1
antes.,1
"#poupettekenza\"",1
belgica/alemania,1
sindicales,1
bonitos,1
paseo:,1
mas:,1
"\"��goldmedal����qatar22",1
6_mcallister,1
comparado,1
"ególatra,",1
"#communism",1
"https://t.co/tthavzntpf\"",1
cansado,1
"jejee\"",1
económica,1
busquese,1
"sufrimos...\"",1
"\"“felicitaciones,",1
mateo,1
"https://t.co/6mpvjowrdu\"",1
"#cubaporlapaz",1
"culiauuuuu\"",1
solos...,1
barrer,1
extraño,1
"https://t.co/xt1f3nsout\"",1
"ignorantes\"",1
"quedo.\"",1
tirados,1
"https://t.co/isl2wt2cvh\"",1
@otero_nacho,1
estuvieron,1
"\"@oscarrenteriaj",1
giles,1
libertades,1
deslikrar,1
"ok,",1
"#americalatina",1
aparezca,1
"https://t.co/5gz9g2jwgc\"",1
mejores?,1
"picante,",1
disfrutó,1
"junio\":",1
"messi..\"",1
"otra.\"",1
bala.,1
tildó,1
testarazo!��,1
decretar,1
posiciones,1
inevitable,1
'bisht',1
"brasil,",1
batalla,1
barrio,1
'me,1
un:,1
madrid-barca,1
87987,1
"neutro,",1
⚡️⚔️⚡️,1
regalarnos,1
¡un,1
"admirenlo,pero",1
duelo,1
"#todosquierenlacorona",1
a),1
bsas,1
remataron,1
pedían,1
(messi,1
corazón.,1
aprox,1
6-pack,1
largué,1
����diego,1
suelten,1
"ayer\"",1
fin.,1
premio,1
esperar,1
"vi,",1
"contrato,",1
perspectiva,1
"\"álbum",1
muerte,1
"inolvidable,",1
uhmm,1
empezado,1
emi,1
levantandose,1
liniers,1
genio,1
"\"pinté",1
"gracia,",1
"https://t.co/uo3zamowrx\"",1
traería,1
nombres,1
conta,1
….,1
/,1
azadani,1
eeuu,1
"https://t.co/hgnmnzpzcl\"",1
"cabida,",1
salvo,1
pasión,1
épico.,1
prisa,1
▶️,1
"https://t.co/bwo3aiaoq3\"",1
"#messi#gano",1
foto.,1
"copa��)\"",1
"https://t.co/ejst1hzikl\"",1
defenestró,1
continúa,1
terminar,1
"#perancis",1
"egrese,",1
(físicamente),1
frío.,1
lloró,1
creer.,1
promocionar,1
"https://t.co/7b7hdkyv7e\"",1
"https://t.co/cts7axgoom\"",1
"contexto\"",1
respondería,1
previa,1
"menos.\"",1
soñaba,1
dúo,1
ingratos,1
explicarle,1
pegando,1
noel:,1
"sonreír\"",1
-es,1
soretes,1
preocupes,1
(se,1
"https://t.co/neanmlhbin\"",1
"perder,",1
guarde,1
"https://t.co/ponymaikmr\"",1
histórica,1
panel,1
"infierno.\"",1
récords...,1
"\"amir",1
havelange,1
tok,1
felicitado,1
https://t.co/th130tylim,1
brazos,1
champions.,1
"https://t.co/hvu6sbicgr\"",1
televisión,1
euforia,1
positiva,1
h.,1
incomodo..,1
fanfic,1
carajo!!!,1
mandarme,1
peleando,1
perfecta,1
caen,1
dejas,1
"chicos,",1
polonia.,1
designando,1
explicito,1
"original,",1
realidad:,1
cabezón,1
apreciar,1
jefe,1
historia”:,1
dioses?,1
pedos,1
unidas,1
��ruido,1
“hasta,1
https://t.co/4v4iwjg4zf,1
"criticas,",1
¡deja,1
audio,1
poncho,1
"✨❤️‍��\"",1
creee,1
����hakimi,1
estabamos,1
incluyo,1
pegaron,1
cuanta,1
sentido,1
saludos...,1
"q,",1
piloteando,1
genio!!!.,1
critiqué,1
actor,1
alrededor,1
"#seleccion",1
crea,1
"vivo,",1
https://t.co/vtjbhuphtd,1
gomez?,1
@marcador,1
desinteresado,1
"festejamos?,",1
ahí,1
prestar,1
"autistas\"",1
algun,1
"acaso),",1
❤️������.,1
creció,1
"#gobiernodeinutiles",1
"\"lees",1
@sdpnoticias,1
año.,1
noooooooooo,1
messi��,1
"https://t.co/wa2qdgtpes\"",1
envidiosos,1
"demencial...\"",1
propias,1
"������������������������\"",1
comparte,1
2014.,1
técnico:,1
'86,1
evocó,1
tratar,1
votada,1
"favor.\"",1
sentar,1
"#lascaloneta",1
dedicaron,1
consagrarnos,1
furor,1
"manos\"",1
"https://t.co/zwsesk2yvi\"",1
campo?,1
"cabeza.\"",1
pesao,1
"https://t.co/6c2gmupz4h\"",1
louis,1
"jugador.\"",1
gracia,1
disfrútala,1
"\"scaloni:",1
"https://t.co/pvvaqpctuv\"",1
"8\"",1
"excusas\"",1
"#pintura",1
"\"jajsjsjsj",1
put@,1
martinez?,1
mbappe...,1
"estupida,",1
tridente,1
esto.,1
mondo,1
"https://t.co/i2w8xeit5n\"",1
@danielnavasv,1
fideo.,1
escuela,1
compartir,1
@luissuarez9,1
leen,1
⭐️y,1
plantel,1
"#andapallabobo",1
"\"escucho",1
"asperger,",1
"cabrones.\"",1
episodio,1
iñaki,1
pija,1
@nbcuniverso,1
destrozó!!!,1
"https://t.co/cryyvurpe3\"",1
jaja.,1
"mejores,",1
"serio?\"",1
"https://t.co/mvc86uq8wg\"",1
https://t.co/oqkosvhvwa,1
futbol:,1
"\"recordaremos",1
luna,1
"clip\"",1
"cancha),",1
perderá,1
virtual,1
poder!,1
habernos,1
win,1
"https://t.co/vr8prcpur4\"",1
"discuto\"",1
https://t.co/yocf1cgbnh,1
mar,1
"día,",1
atlético,1
fajarlos,1
"lpm\"",1
campeone,1
"\"#mundial",1
"tengo\"",1
"cuccittini,",1
"#jürgenklinsmann,",1
"#cooperativacontigo",1
"vergüenza\"",1
tratan,1
"turno,",1
"https://t.co/mtzx02yarh\"",1
dar.,1
sumando,1
siga,1
bestia),1
"celebrando,",1
"��❤️\"",1
descansar.,1
¡felicitaciones,1
"\"\"¡las",1
crisis,1
empezar,1
"#viralterbaru",1
saka,1
futbolistico,1
merecen.,1
chocado,1
estoi,1
https://t.co/ujpzped2ma,1
"duda\"",1
tatuó,1
"https://t.co/tx9cwbtjqx\"",1
"#m3gan",1
cerrado,1
"https://t.co/q20nbllh2a\"",1
"jamás,",1
"https://t.co/ftfrywfzpc\"",1
instagram?,1
"historia.\"",1
trofeos,1
sonando,1
quilombo,1
color,1
"https://t.co/c98cn0c5gb\"",1
guarda,1
exitos,1
suerte,1
"https://t.co/2khs1vd5az\"",1
"idolatren.\"",1
pronto.,1
pague,1
amrabat,1
vamo,1
des,1
insistencia,1
arbitraje,1
vimos.,1
"\"��¡nuevo",1
"!!\"",1
dominantes,1
"\"volvió",1
"tengo,",1
"#cfkdelincuente",1
beneficiada,1
gordo,1
poderosisima,1
centroamerica,1
reí,1
"https://t.co/lukxgu5p8g\"",1
"https://t.co/icwdogvzql\"",1
2007,1
"\"según",1
martínez.,1
trajiste,1
la.celeste,1
"messi!!!!\"",1
(payas@s),1
tatuaje,1
sienten,1
o...,1
",esta",1
rostro,1
"paul?\"",1
"catedra.\"",1
"festejo,",1
"#pasameelfulbo",1
"mbappe,��������☠️\"",1
scarponi.,1
erick,1
"https://t.co/yeuh6amaty\"",1
@ctaok,1
"\"where",1
4⃣,1
declaró,1
ellos...,1
americanos,1
"@rppnoticias\"",1
"momentos,",1
https://t.co/vx6kehkdry,1
multimedia,1
imagíname,1
"messii������\"",1
dona,1
"#trending",1
"https://t.co/iv5nupk2a1\"",1
resumir,1
albiceleste.,1
convierta,1
foto:,1
"https://t.co/d3flljaleh\"",1
aparecían,1
"https://t.co/ozh1y2a7go\"",1
"https://t.co/us4tjfo6pl\"",1
corta,1
"#pintorcolombiano.",1
parque,1
"cute\"",1
"#mundialcatar2022",1
numero,1
"declaraciones,",1
"https://t.co/mknqi6calv\"",1
perdido,1
"#arg\"",1
molestado,1
tb...,1
tamim,1
defenderá,1
"\"joan",1
hará,1
sepultó,1
habían,1
https://t.co/byj8bdvmki,1
animaron,1
sumará,1
"celebración,",1
"tatuaje\"",1
dembele,1
directrices,1
salta,1
5_julian,1
creadas,1
pijudo,1
"https://t.co/exozsbyq3y\"",1
"\"mal",1
locura.,1
"damas...\"",1
seguidor,1
"#giroud",1
"incumbe,",1
críticas,1
"excelente,",1
",los",1
"samos,",1
"https://t.co/gigpmmpanp\"",1
cuneo,1
titulo,1
¿cuántas,1
lencería,1
"ezeiza,",1
"\"unas",1
"https://t.co/fjuaegnpju\"",1
"https://t.co/y4vyik8ihr\"",1
compartan,1
"explíquenme!!\"",1
napoli.,1
"\"woke\".",1
"\"dibu",1
juan,1
"\"ayyyyyy",1
"fútbol,si",1
"\"empezó",1
"depaul,",1
españoles,1
principio,1
botese,1
"\"#argentinacampeóndelmundo",1
escenario,1
técnicamente,1
33,1
partido.,1
costumbres,1
paniagua,1
"\"mucho",1
malo,1
nube,1
nacionalidad,1
preocúpate,1
"https://t.co/nyd7ixfj9g\"",1
tucson,1
"https://t.co/gbauj5mu4p\"",1
medio:,1
"sorpresa,",1
balondeoro,1
gastan,1
saques,1
aguilera,1
"genial\"",1
oportuno,1
brazo,1
mochila,1
"pais,",1
"sabíamos,",1
explicarlo,1
entra,1
ml,1
"final.\"",1
estudiantes,1
imaginamos,1
upa!,1
saludarlo,1
"maravilla\"",1
"https://t.co/ac5nzcz1sf\"",1
hablan,1
mundial��,1
jalandolo,1
anticipo,1
amigos/familia.,1
@ricardoicaza7,1
argentinos.,1
pónganselo,1
hay!,1
jr.,1
"venezuela\"",1
dicen:“o,1
abraza,1
bellingham,1
defender,1
marcao,1
"quise\"",1
"nietos,estos",1
comencé,1
"lloran?\"",1
febrero,1
veia,1
caricatura,1
"julián,",1
"gordo\"",1
mañana.,1
"xi\"",1
https://t.co/ltteehl8pf,1
"ley,",1
(ao,1
tití,1
asquerosamente,1
raúl,1
@blogmaldito,1
"voto\"",1
"\"pedro",1
llanero,1
debjugador,1
https://t.co/33pgxllvcg,1
encuentren,1
"\"“no",1
"https://t.co/vhoncpkosx\"",1
acaba,1
dolorosamente,1
150,1
esre,1
larga,1
comprando,1
https://t.co/zgkptksatr,1
objetivo,1
huevito,1
diagnosticaron,1
"https://t.co/v4vetq3nud\"",1
3-0,1
testigos,1
plomo,1
https://t.co/m2ijsedc1u,1
"procesar.\"",1
imbecilidades,1
taehyun,1
está:,1
"gordo”,",1
cornudo,1
@mediodiatrece,1
"https://t.co/y3coiu8e0t\"",1
"\"vamous",1
messi.....superenlo....nadie,1
pelotudeces,1
apoyan,1
“hay,1
camello,1
titularidad.,1
7.98,1
"#messi2026\"",1
"tuiter,",1
diseño,1
"\"⚽️#qatar2022",1
"nosotros,",1
"dibujantes,",1
p...,1
compararlo,1
"contestarles��\"",1
ustedes…,1
mariconea,1
"https://t.co/dwzitsjira\"",1
diciembre:,1
"\"#cr",1
estampita,1
pesará,1
trabajar...������....,1
agua,1
escuché,1
¿debió,1
quiteña,1
"https://t.co/opnafecnvw\"",1
disfruten,1
vez.,1
"cola\"",1
"y,",1
ingresen,1
habría,1
quítenle,1
respetos,1
poca,1
exaltado,1
jfk,1
broma.,1
"\"superará",1
conseguidos,1
mundo…,1
visualizamos,1
pregono,1
khelaïfi.,1
"fin.\"",1
@trunksrm,1
emocionado,1
usa?,1
nuevo.,1
i,1
ganar.,1
jevo,1
autismo,1
capitán!!!,1
absoluta,1
"argentinos����sa��lud����\"",1
"#pimpa",1
"odio\"",1
compleja,1
crecieron,1
tuvieron,1
"(messi,",1
"\"@cloquis",1
agradezco,1
"handball\"",1
vamos...,1
tótem,1
"nublando,",1
"https://t.co/rjqexgkkuy\"",1
pedimos,1
regrese,1
"\"ronaldinho",1
pense,1
@alvaritomorales,1
@juanma_rguez,1
"rodrigo\"",1
"https://t.co/vt3abbcqlq\"",1
500,1
"regalarles,",1
difícil.,1
diciéndole,1
"violeta.\"",1
bomba,1
"#héctordaer",1
"\"¡grande!",1
"#onlyfans",1
"#fifaworldcup?",1
francia?,1
alemanes,1
"30!!!!!!!!\"",1
hermana,1
noreste,1
ansiada,1
demuestra,1
¿cuáles,1
"\"#fcb",1
bajaron,1
mbppe.,1
"\"#cortaporlozano",1
empiezan,1
“muchos,1
"#elchiringuitoenfox",1
ansiado,1
suelo,1
"@elchiringuitotv\"",1
nave,1
"historia?\"",1
@lionelmessi0k,1
terrible,1
"\"dia",1
acabaron,1
posición,1
"#culonas",1
"fecha,",1
https://t.co/yj1wrewtcm,1
"https://t.co/aqqcl5n9be\"",1
¡decime,1
"\"pos",1
mediocampo,1
cielo!,1
rinden,1
señora,1
ahijado,1
aceptación,1
literammente,1
leemos!,1
vendió,1
salada,1
lavate,1
@javslucki,1
excusas,1
"https://t.co/bmcxkzct0n\"",1
"mejor”\"",1
arriba✨��✨⚽️⚽️⚽️⚽️����carajo⚽️⚽️⚽️⚽️¿,1
"copa����\"",1
dislike,1
"vez\"",1
messi....,1
@andreahermida__,1
xavi,1
"rey,",1
aquí.,1
arbeloa,1
ma,1
gestos,1
garfield,1
básquet;,1
razón:,1
"https://t.co/fzxxur9zjn\"",1
"\"acaso",1
https://t.co/3lkgdlknpq,1
ocurrir,1
"https://t.co/birm4xpvrl\"",1
estará.,1
mamarrrrr,1
hallaron,1
"marruecos,",1
brutal,1
componente,1
❗����,1
maradona..,1
enseñarme,1
señala,1
"\"vue",1
"#mundial2022\"",1
cdm,1
5-6,1
@conmebol,1
yanquis,1
descripción,1
quitaron,1
sesgo,1
��https://t.co/c8fk9rkbvu,1
actualidad,1
"https://t.co/gplpmcfnso\"",1
eras,1
ordinario,1
"\"▪",1
comparen,1
alta,1
inglés,1
"mucho!\"",1
"\"https://t.co/m1gujzzvon",1
psicologa,1
rencor...,1
"#campeonesdelmundotn",1
abandonar,1
pelotudo,1
otra.,1
mundial..,1
reclamaban,1
offside,1
encantaron,1
"3ra,",1
"jefe,",1
tradición,1
arrodilló,1
lecto-escritura,1
https://t.co/faoz6dixza,1
diciéndote,1
cárcel,1
"\"además",1
totales,1
god,1
"¡ah,",1
televisión.,1
",todos",1
día!,1
hablando.,1
"maria������\"",1
estas.,1
dure,1
argumentando,1
sentirá,1
"\"hoy,",1
"#campeones",1
diseñada,1
bianchi,1
fanática.,1
"plata,",1
"https://t.co/lpmx89nsaa\"",1
"https://t.co/dzliyrjroe\"",1
@francopeppe2,1
"\"realmente",1
https://t.co/omgefowktk,1
"futbol,su",1
"existió,",1
croacia,1
5$?,1
@kingsleague....@ibaillanos,1
referirse,1
��+info:,1
"https://t.co/khdiwdtrxo\"",1
otro.,1
"pitaran?\"",1
hospitalizada.,1
"anti-messi.\"",1
"#mbape",1
reintentar,1
"pl,",1
"ota.\"",1
"https://t.co/goiy84julk\"",1
"malas,",1
liderado,1
brindamos.por,1
bancando...,1
"retirar,",1
salvan,1
trae,1
"equipo,",1
lograrlo,1
griezman,1
bautizados,1
pañuelo,1
"benito,",1
"ninguno\"",1
podrás,1
"https://t.co/vcj1l4v2x8\"",1
"https://t.co/8ppejmdpe7\"",1
acaricié,1
salimo,1
"https://t.co/kd15nxnree\"",1
"querido,",1
"selección?\"",1
“enemigos”,1
"https://t.co/dsci8hfktw\"",1
calzoncillos,1
"#princeofqatar",1
nietos,1
"#artista",1
"likes,",1
campeónnnnnn,1
tradicional,1
ariel,1
coman,1
entenderías,1
ceibe,1
"\"campeonato",1
"todos,desde",1
@eduaguirre7,1
probable,1
ellos!,1
kg,1
"\"divo\"",1
"https://t.co/8z7vt1avbp\"",1
"\"auronplay",1
anotado,1
"cabrones\"",1
@):,1
��️de,1
ofensivas,1
56.2m,1
circunvalación,1
"✍️\"la",1
brehme,1
gire,1
estando,1
"argentina!\":",1
"misógino?\"",1
"humilde,",1
bandera.,1
"boludo/a\"",1
aérienne,1
"https://t.co/dh1xnwwlbg\"",1
cree,1
"que\"",1
dejaba,1
����modric,1
matices),1
ocasiones,1
"\"����buenos",1
artífices,1
��♥️����,1
"upamecano,",1
"https://t.co/knidlulzsg\"",1
jugamos,1
"hipócritas,",1
1000000000,1
chat.,1
müller,1
"https://t.co/avhixoopfs\"",1
"#argentino,",1
2000.,1
lograr,1
trasnpiraron,1
nazario,1
elegantemente,1
jáuregui,1
pensaba,1
"diario,",1
mundialista.,1
"https://t.co/kvo6lswnuv\"",1
"\"24",1
canal!,1
olvidare,1
completa:,1
"antonio.\"",1
propuse,1
"#1-",1
"\"",1
boca!,1
ponernos,1
¡mira,1
bldo,1
el1️⃣1️⃣andy,1
retumban,1
"\"#telenueve",1
"lloriquear\"",1
callen,1
kempes,1
@sofiberta,1
figueroa,1
reemplazado,1
"tiene.\"",1
"bae,",1
"dia,",1
profesional.,1
"celebrando.\"",1
"#obelisco",1
"#laradiodelmundial",1
???,1
20k,1
tio,1
"listo,",1
"#leftistmemes",1
mencionaron,1
confianza,1
"\"vengo",1
presumir,1
núñez,1
7.92,1
"lio����\"",1
prefirieron,1
"\"\"tesoro,",1
"newells?https://t.co/pxldvxwmtu\"",1
"formación,",1
fácil,1
fiestas,1
"pesao\"",1
"#medios",1
cuccittini?,1
zuleta,1
miras,1
portón,1
editada,1
"https://t.co/u5ackeep87\"",1
ideas,1
"\"entienden",1
crear,1
icónicas,1
"https://t.co/3j4tzvarko\"",1
antonella❤️‍��,1
vieron,1
"profunda,",1
"https://t.co/u3d33fntis\"",1
"maclister,dimaria",1
ponerse.,1
eistein,1
“sabía,1
contamos,1
gallinas,1
dejad,1
payá,1
fifes,1
"\"quisiera",1
carita,1
"https://t.co/ktxhdhhabm\"",1
sombra,1
"sueño,",1
"ideas\"",1
pase,1
risa,1
profesionales,1
ná,1
forzada,1
caradurezzzz,1
cancele,1
felitaciones,1
matan,1
"https://t.co/mamdtxjdlr\"",1
alexis,1
"\"scaloneta\".",1
mundiales?,1
"alegria,",1
calles,1
reacción,1
país:,1
tiraban,1
"campeonato,",1
pa’,1
https://t.co/ueirjpywlk,1
"https://t.co/czlswekejz\"",1
listos,1
enfaixados,1
mundo..,1
"viejo,",1
"\"veo",1
extorsionando.,1
medallón,1
"ataque,",1
trola,1
millon,1
frena,1
arrebato,1
meto,1
parecen?,1
diré,1
"\"¿dónde",1
inaceptables.,1
dirán,1
jugó.,1
"reconocerlo?\"",1
historia:,1
4_enzo,1
"\"gabarito:",1
estúpido,1
ilegal”,1
chavales,1
antimessi:,1
"\"sería",1
"creer\"",1
elijieran,1
país!,1
spiderman,1
monolítica,1
"#betregal",1
https://t.co/2vjxoutcfg,1
"https://t.co/2wvzioqigf\"",1
❤️✨��,1
ligas,1
el mundial,1
recibe,1
cierto?,1
conseguido.,1
acabé,1
(un,1
batín,1
ahi,1
'little,1
"cielo\".",1
perdón!,1
✍️por,1
"#selección",1
apellido,1
"https://t.co/r3brfzrll9\"",1
"dolidos,",1
"periodistas,",1
subscripción,1
"aimar,",1
nombrando,1
"https://t.co/o6jvbijiv3\"",1
@emimartinezz1,1
apoyar,1
porfin,1
"devolvió,",1
"señora,",1
ash,1
atrevidos,1
viaje,1
"\"ciro",1
regreso,1
bromeando,1
bloqueado,1
"adelante,",1
"\"@libermanmartin",1
patón,1
��ig:,1
8_acuña,1
"reinas,",1
"farías,",1
"https://t.co/sdq8s1k3kf\"",1
frío...que,1
guardar,1
tendencia,1
"…\"",1
"puta.\"",1
"https://t.co/ocpba3xkx4\"",1
disfrutan.,1
oculta,1
"\"pequeño",1
imperdible),1
"faltaba,",1
uds,1
"https://t.co/x3nr16cj6c\"",1
(?),1
considerado,1
nefasta,1
éramos,1
entonces,1
9_di,1
"#3x1",1
prohibida.,1
periódicos,1
"#clarinlatenesadentro",1
(2014),1
(seis),1
?!!!intensos,1
"pedir\"",1
ayuda,1
"\"fotos",1
sun,1
paja,1
llenar,1
¡le,1
patear,1
"https://t.co/kbyeuja1m6\"",1
pasaría,1
prefieres,1
riverplatense,1
cuentan,1
"\"parar",1
"mentira,",1
"\"podré",1
"rabia\"",1
"https://t.co/cn7n0t8jyb\"",1
"\"cbum",1
⁦@elrestaurador22⁩,1
https://t.co/crsktoukgu,1
"regalaron.\"",1
chico...se,1
merecian.,1
pida,1
daba,1
creerlo,1
escándalos,1
bardear,1
tampa,1
"\"vino",1
"https://t.co/ljum3tz2aa\"",1
provincias,1
sufrimiento,1
"https://t.co/ge608bqzj6\"",1
únicos,1
c),1
"https://t.co/71sun1h0ty\"",1
j.,1
"\"mejor",1
histórica.,1
"\"⚽",1
https://t.co/penwglmw7c,1
titila,1
“goat”,1
trueno,1
▶https://t.co/dido43lhgz,1
daño,1
time:,1
��������������������������,1
catalanofobia.,1
conoce,1
nazion.,1
"duela,",1
retiraran,1
"preparación,",1
camiseta!,1
inventándose,1
"dió\"",1
despedida,1
papaa',1
"bae����\"",1
����griezmann,1
dedo,1
"#",1
"popó.\"",1
3⃣,1
den,1
guita.,1
avenida…,1
"vieron,",1
"https://t.co/ior02kdsju\"",1
humanidad.,1
"decían,",1
"derecho”,",1
(resubido),1
cliclado,1
irá,1
"#sbc",1
(������),1
reunión!,1
viste,1
"título,no",1
"https://t.co/hpkwzf6vur\"",1
esposo,1
mentiras.,1
"corren,",1
sola,1
"#ctaautónoma",1
"#enportada",1
entrevistando,1
reyes,1
‘relajo’:,1
recoger,1
"leo.\"",1
7.89,1
soltar,1
considerarlo,1
"healing!!!!!!!!!!!!!!!!!!!!!!\"",1
amargura,1
hat,1
(13),1
"\"campeon",1
"club,",1
"sé,",1
qatar:.,1
recuperar,1
©2022,1
"violenta\"",1
"saludos\"",1
"https://t.co/zow9zvmkff\"",1
ayer⭐⭐⭐todo,1
"podrán?\"",1
universal.,1
"https://t.co/4hagrn5c3o\"",1
"\"habré",1
conscientes,1
"\"toy",1
"\"verás",1
bobinas,1
"fiel,",1
"#ginobili",1
1986:,1
"gordo!!\"",1
asumió,1
"oro?\"",1
"https://t.co/uimcsgoc6l\"",1
selección!,1
(podrían,1
campeón?,1
dudó,1
"https://t.co/c9o5t1xt1u\"",1
pelea,1
señalar,1
freestyle,1
https://t.co/pxwllwtynr,1
mencione,1
"https://t.co/mgokxtrvzv\"",1
����❤️‍��,1
"#los8deamerica",1
"#xenoleft",1
"país.\"",1
"\"¡¿qué?!",1
cambie,1
mundial;,1
diseños,1
enfermiza,1
inventan,1
siempre.,1
mimado,1
"pija!\"",1
"verdad\"",1
pito,1
"suficiente,",1
"\"jajaja",1
preferimos,1
sábado,1
espacial,1
parecen,1
contemporáneo,1
tiene.,1
pasaste,1
balon,1
especial!!,1
comparto:,1
cuerpo,1
afuera,1
https://t.co/pbpdskgcst,1
"barca,",1
"jugado\":",1
"https://t.co/tttsdh3bfz\"",1
"\"parafantastico",1
partidos.,1
perderse,1
@luquitarodrigue,1
"https://t.co/qniqxlgdbp\"",1
"\"¿se",1
"\"the",1
"https://t.co/vklz5y7xai\"",1
destino,1
&amp;,1
movilidad,1
piqué”,1
idea,1
tuyo,1
simpática,1
lució,1
thnks��,1
"https://t.co/qbkldz2kp0\"",1
"https://t.co/ojjkc7vem3\"",1
"\"señores",1
editions.,1
"#salvadoreños",1
"barça,",1
"finalmente,",1
"cr7,",1
exigiendo,1
renueve,1
posteó,1
hubiéramos,1
"venas\"",1
guste,1
meñique,1
"dicen,",1
asta,1
imaginate,1
destaca,1
"meses,",1
'dibu',1
disney,1
"#kdb",1
métricas.,1
"\"fueron",1
@pimenmarcos77:,1
papi,1
bs,1
ningunear,1
"carrera\",",1
ganamos?,1
"https://t.co/y03vavba1g\"",1
"https://t.co/wwr9vnultj\"",1
necesitabas,1
"novia?\"",1
rotas,1
"completo...\"",1
élite?,1
¿??,1
(por,1
relacione,1
publicaciones.,1
"https://t.co/9gnlkwwags\"",1
comportado,1
dejarse,1
regresar,1
tuya,1
regragui,1
encanta,1
"#memes",1
cobrado,1
"neuronal.\"",1
oriente,1
muera,1
"carajo!!!����\"",1
dijo:se,1
"#afa",1
"#cfkladronadelanacionargentina",1
bronca,1
guevara!,1
atacó....,1
finde,1
mandaron,1
"\"#felizlunesatodos…",1
emotivos,1
horario,1
salta!,1
"https://t.co/vgvef2a80s\"",1
"\"amo",1
gerd,1
cartonero,1
hormonado,1
spokon,1
"https://t.co/qbrmk9f2sn\"",1
valía,1
"\"mario",1
"#pickgarantizado",1
����amrabat,1
"futbol\"",1
comi,1
cállales,1
xfavor,1
"\"¡¡¡somos",1
admirar.,1
mes.,1
"https://t.co/yyqbqcz1zs\"",1
documental,1
busquense,1
campeón”,1
cátedras,1
"claaro,",1
"https://t.co/knt9q6qmyg\"",1
"\"levantarte",1
best,1
*me,1
mahsa,1
"amini,",1
❌ronaldo,1
viral,1
cancion,1
1986.,1
"totales,",1
kai,1
"siglos,",1
"\"urge",1
olvides,1
"latinoamérica,",1
discusion,1
personajitos,1
(anti,1
"https://t.co/4n1a5oxxin\"",1
"andrés\"",1
"10_montiel\"",1
"inmenso,",1
"telegram,",1
"\"vieron",1
comentarista,1
define.,1
opinion,1
"cuando?����‍♀️\"",1
metiéndose,1
come,1
"antonella.\"",1
caía,1
web,1
explicando,1
mbappe:,1
montando,1
2.,1
"https://t.co/r3ycskodkh\"",1
jeque,1
"https://t.co/7p3evoywji\"",1
és,1
"https://t.co/artq9wtaks\"",1
lloré,1
"\"top",1
"https://t.co/lwu9ruuyhs\"",1
"récords,",1
mugre,1
lucharon,1
"https://t.co/hytnaepdwv\"",1
"alcanza\"",1
hombros.,1
"cristiano.\"",1
"https://t.co/fkdfryps90\"",1
publican,1
"agua,",1
"cerati\"",1
"\"bien",1
tome,1
tramites,1
relucir,1
https://t.co/qgqbrsh05l,1
"\"michel",1
"medio\"",1
psg).,1
señores,1
agradeciéndole,1
narcisista,1
"https://t.co/qootgyumo1\"",1
"https://t.co/haopomo2yh\"",1
'doña,1
"\"#fútbol",1
"https://t.co/bnleaam8an\"",1
lejosss.,1
rosada.,1
demencia,1
jefe.,1
desarróllalo,1
momento.,1
"lalalala\"",1
comandó,1
cumplida.,1
¡te,1
esperada,1
"#copadelmundo2022",1
halagando,1
"presenciado,",1
"https://t.co/lryouwtoow\"",1
"es,",1
chupen,1
"\"oficialmente",1
"besarla,",1
"@fcbarcelona_es\"",1
8.20,1
alguno,1
39,1
0.,1
"argentinos\"",1
detener,1
reclamar,1
honrados,1
"https://t.co/cv7g8fqceq\"",1
"políticos,",1
"https://t.co/st72enhlrt\"",1
"https://t.co/wrssjafktp\"",1
lagrimeo,1
"https://t.co/kuv17cieit\"",1
inclinamos,1
lpm,1
raro,1
botines,1
"#marketing\"",1
pendientes,1
"\"maradroga",1
especial.,1
"#jordan",1
"\"listo,",1
ahí..,1
?!?,1
buscarán,1
principitos,1
rey.,1
dijó,1
prometí,1
realeza,1
"https://t.co/yvwjqohmzq\"",1
chaplin,1
⚽️������⚽️������⚽️������,1
despertó,1
gano!,1
corto,1
qatar 2022,1
"https://t.co/i3awmnx4gl\"",1
"☠️\"",1
permitirme,1
"nací,",1
diferentes.,1
"like\"",1
2_dibu,1
crees,1
"https://t.co/6ru7n3x7pm\"",1
ponían,1
"like,",1
opinar,1
400,1
prometi,1
"muchos,",1
dais,1
"#avatarthewayofwater",1
"creo,",1
aconsejo,1
����gvardiol,1
"bobo”��\"",1
nazcan,1
"\"prometí",1
sepa,1
d10s),1
"https://t.co/hv15ydlqua\"",1
pd:,1
@cgtargoficial,1
"https://t.co/brfrfnrsxz\"",1
"hospitales,",1
mundo....����⚽��❤️����,1
viéndolo,1
contexto,1
"enseño\"",1
imposible.,1
"miami,",1
"https://t.co/qpfex9s1uc\"",1
"\"@francefootball",1
"https://t.co/kdribgx77s\"",1
⁦����������������@argentina⁩,1
libero,1
romelu,1
"rato\"",1
torres,1
"\"nadie",1
"\"completamente",1
incómodo,1
temprano,1
tweet,1
“aguante,1
trate,1
"https://t.co/gzkme2zfgl\"",1
✈️es☝impresionante,1
"ti\"",1
��‍��,1
"\"marcao",1
"boludos,",1
opinan,1
nuevamente,1
costa,1
"https://t.co/t7v370qt7i\"",1
❤️��,1
"\"encima",1
cerebro,1
pintado,1
sol,1
"\"selección",1
"https://t.co/zgptrqnpzp\"",1
apréndele,1
"https://t.co/uttmjrg5jo\"",1
"#uruguay",1
"\"deja",1
zidane,1
"abandonarnos,",1
"drogón,",1
"��������https://t.co/qtfz20i98w\"",1
imaginarme,1
inferior,1
dificultades.,1
"logro,",1
as,1
budweiser,1
(que,1
"siga,",1
impala,1
narró,1
"\"#guirimundialista",1
quedan,1
"#trendingvideos",1
gilada,1
pick,1
árbol,1
"https://t.co/tlh7jh0uok\"",1
apuntes.,1
--,1
"https://t.co/78axgp9shr\"",1
"https://t.co/e4q089pgzl\"",1
"https://t.co/curchiaeoh\"",1
arrepiento,1
⁦@elchiringuitotv⁩,1
depresión,1
"corazón,",1
síguenos,1
que:,1
arde,1
��:,1
años”,1
"https://t.co/la7t0c0w2o\"",1
"méritos.\"",1
"modric,",1
futbolera,1
"rival,",1
"https://t.co/9dygyncyus\"",1
"autista\"",1
como@un,1
imagínate,1
"madrid,",1
pletórica,1
miembros,1
tatuadores,1
encuesta.,1
horribles!!!,1
sosteniendo,1
"‘culpable’,",1
perfil,1
paso.,1
trajo,1
luces,1
"dorada\"",1
debería,1
https://t.co/hbrr9bnsl4,1
golazo,1
auténticos,1
fiesta,1
apoyado,1
fulvo,1
memoria,1
"\"creen",1
river.,1
"https://t.co/0afiayqiwk\"",1
mítica,1
marco,1
❌cristiano,1
"lugo,",1
vinicius,1
condea,1
teníamos,1
campeon!!!,1
"#mencekam",1
"\"todavia",1
ministros,1
letras,1
gol.,1
13,1
+56978880770,1
terminará,1
morfo,1
plena,1
"✅dibu,",1
llorar.,1
"daleee\"",1
logré,1
juagador,1
"regalar...\"",1
"(?),",1
23.,1
pecados,1
remil,1
"\"#colombianadas",1
ofendiditos,1
admitir,1
"\"dale",1
pletórico,1
1×1,1
⚽|,1
iva,1
"https://t.co/p7pb5bcqa6\"",1
selecciones:,1
ficha,1
"humano,",1
saqué,1
peeling,1
hilos,1
vaya,1
"#teleantillas",1
831,1
"#bangladesh",1
"\"empieza",1
armen,1
"jugar,",1
"\"quienes",1
"vez.\"",1
exitoso,1
shock,1
t,1
"merecida.\"",1
"\"dibu...",1
ja,1
valoraremos,1
serán,1
quiniela,1
"maria,",1
"decir,",1
"filtro,",1
venció,1
"@leomessifanclub\"",1
"https://t.co/zlzfihuuj8\"",1
cancha������,1
aeropuerto,1
piercing,1
❌maradona,1
punta.,1
golpes,1
deshabillé,1
"jóvenes\"",1
whisky,1
celebrating,1
"https://t.co/bh4bqh59sw\"",1
(��,1
vigila,1
"https://t.co/bbmtddh2ar\"",1
cabroooonnn,1
shakira,1
diablo,1
soberbio,1
chad+,1
though,1
loayza,1
humor,1
habitual.,1
"\"visítanos",1
importas,1
argentinos.a,1
esperé,1
decidio,1
"autismos\"",1
felicidad!!!,1
futbolística,1
"vida��\"",1
sillón,1
elogios,1
hilo…,1
creíste,1
disciplina,1
nus,1
multitud,1
agüita,1
"https://t.co/y9nujokrjv\"",1
miembro,1
inicios.,1
no?,1
habló,1
"mundo⚽️����\"",1
recibiendo,1
huila,1
pertenecer,1
hombros,1
has,1
padreada.,1
"��⚽����\"",1
fuego,1
festejos!,1
"2.022,",1
"racing,",1
gede,1
"hombre\"",1
"https://t.co/vsmajfyzs6\"",1
"futbolística,",1
analizan,1
",ayer",1
bardo.!,1
equivoque,1
"✨����\"",1
"\"compararon",1
acceso,1
la@impronta,1
"https://t.co/dgiloijey3\"",1
¡es,1
1/2,1
auxiliado,1
"comparto\"",1
apuesto,1
anhelo,1
2:30,1
"cancer\"",1
"mejor\"",1
felicidad:,1
"https://t.co/njjrtox44q\"",1
autorizó,1
nathy,1
decreta,1
"merlina,",1
"https://t.co/jtnqdrtrnp\"",1
dt,1
simboliza,1
"todos!!!\"",1
fijamente,1
https://t.co/oi4liohmfc,1
teléfono,1
"hermoso.\"",1
@mauricioisra61,1
a.,1
móvil,1
avisa,1
"haaarta\"",1
afición,1
@pagina12,1
¿,1
faltan,1
stefano,1
"#lepudohacerupa",1
guzmán,1
1⃣,1
➡https://t.co/m7ckhwkafq,1
"https://t.co/dpmqggk6n8\"",1
brazucas,1
��todo,1
escrita,1
first,1
direita,1
monstruo,1
"#messi:",1
ganadora,1
"mbappé.\"",1
etapa,1
"ayer????\"",1
réxime,1
tortuga,1
"\"\"nada",1
mundo!!,1
https://t.co/c4mcc3mj2d,1
lukaku,1
soberbios,1
coso,1
omg,1
2010,1
garchado,1
lleva,1
qataríes,1
egoísta,1
������⚽,1
unen,1
"https://t.co/iqlschvx5s\"",1
doblada,1
"#festejoenelbalcóndelarosada",1
xogador,1
"diablo\"",1
"nuestro\"",1
pillar,1
"https://t.co/jj1gq6djfs\"",1
modric...,1
@dukissj,1
"contrario,",1
cumpleaños,1
todavia.,1
maldita,1
"estar\"",1
promesa,1
guardará,1
precioso,1
quejando,1
"https://t.co/9nrue8tkzx\"",1
marcha,1
otadios,1
qienle,1
disparos,1
"https://t.co/53we9mpvlm\"",1
niegan,1
recordaremos,1
meterse,1
3ª,1
"https://t.co/qoim59yaid\"",1
https://t.co/7swjy1k7de,1
continentes(6,1
"mundial,pero",1
sj,1
triplete,1
@msperiodista,1
agarrándome,1
directo:,1
nacido,1
"contra\"",1
4.,1
futbol...al,1
deseo,1
"#qatar2022!",1
1990,1
campeonesssssssss,1
legado,1
dónde,1
"https://t.co/hjm4ng0xy4\"",1
"\"#pelaezdefranciscoenlaw",1
referente,1
fc,1
alcohol,1
"https://t.co/basxao4nzx\"",1
����messi,1
"#vamoscontodo",1
defensa,1
massa,1
"https://t.co/bnchfurou1\"",1
camisetas,1
políticos,1
"argentina\",que",1
funciona,1
"uno,",1
"messi??#pelaezdefranciscoenlaw\"",1
"https://t.co/7oosw5g38d\"",1
europa,1
marina,1
abiuso,1
dorados,1
tn:,1
shows,1
refleja,1
"jóvenes,",1
"generación,",1
"\"celebro",1
perdón.,1
tomarme,1
"crítico,",1
kirchneristas,1
patearled,1
apartarse,1
"https://t.co/oavmkmhzhw\"",1
lucho,1
mão,1
oro?,1
"\"��������",1
"#campionedelmondo",1
"#gdl",1
mejico,1
abril,1
"goetze,",1
puñado,1
"antonella��\"",1
olvidar,1
"https://t.co/azu42n6i4w\"",1
conseguirme,1
"míos.\"",1
empedo,1
"#ballondor",1
"roccuzzo,",1
siquiera,1
firmó,1
campeonar...,1
juegos,1
"\"50%",1
"https://t.co/6hheu9dl00\"",1
"contestó!\"",1
boludo:,1
golea,1
"\"durante",1
"scaloneta\"",1
extraordinario.,1
equipo!,1
creadores,1
"\"leonel",1
adoración,1
"papá.\"",1
reaccionó,1
ilegal;,1
aparecía,1
siempre!,1
messimo,1
"\"wtf",1
profesionalidad,1
definitivamente,1
recordemos,1
"histórica,",1
próxima,1
"#auron",1
"discusión.\"",1
entrega.,1
"https://t.co/6olv99m2vu\"",1
50-59,1
"https://t.co/5pcrbrsvgi\"",1
ser.,1
rosarino,1
"https://t.co/mlo7bsphia\"",1
@jpcriales,1
clima,1
lanzacohetes,1
consiga,1
"#football",1
@dbr8,1
"\"18",1
nacer,1
comparten,1
"marroquís.\"",1
toy,1
"cabla\"",1
alumno,1
"antes,",1
"amo,",1
kirchner,1
"alvarez,",1
'22,1
distancia,1
hablo,1
perdonaste,1
"fideito,",1
esto...,1
ayer.,1
saludable,1
charlton,1
"����https://t.co/cpslappiaz\"",1
"#trend",1
"https://t.co/90l4xkmiic\"",1
international,1
"nomas\"",1
sentía,1
castigo,1
gustado,1
cambios.,1
boomerang,1
yo…,1
"verrrrrrr,",1
"https://t.co/1ifvc1pjcf\"",1
"https://t.co/5kej1jeite\"",1
amor?,1
"mbappé\"",1
nacieron,1
llegará,1
"https://t.co/pdhjoiswxn\"",1
tuviste,1
valores,1
física,1
odiando,1
"https://t.co/llcol1qe10\"",1
dimensionamos,1
"vieron???\"",1
básicamente,1
quemándose,1
('60,1
decretó,1
"\"jajajaja",1
esperanzada,1
diez,1
confirmado,1
claves,1
"\"closs",1
haberla,1
escogió,1
"logró.\"",1
ridícula,1
"volante,",1
"futbolistas,",1
tatuandose,1
"#madeinlamasia",1
ver.,1
whattsap,1
"https://t.co/vmnn6yypfe\"",1
"@flavioazzaro\"",1
cae,1
"https://t.co/gxtsefwetf\"",1
borrará,1
besht,1
facebook,1
tomada,1
"https://t.co/xvucuyacgs\"",1
pregunto,1
completa,1
"\"#mundial2022",1
anulado,1
imágen,1
@auronplay,1
"https://t.co/mxmmzpwyz1\"",1
"expresión,",1
ever,1
"\"amor",1
"jejejejejejeje\"",1
"juliaaaaaaaaaaaaan,",1
pulga”,1
"aaaaaaaaaaaaaa\"",1
atajo,1
cólera,1
(los,1
"https://t.co/bu2vu7smjx\"",1
veo.,1
volquete?,1
"campeonato\"",1
silicona,1
"https://t.co/ekrmj7ftpo\"",1
"\"será",1
desastre,1
"mañana,",1
��������������������,1
►,1
significaba,1
50,1
dioss,1
"����������������\"",1
"https://t.co/vrxsmxtuon\"",1
"\"¿sabéis",1
"carrera\"",1
"penal.\"",1
"\"supuestamente",1
implantados,1
noble,1
na,1
"aquí,",1
yy,1
"perdedor,",1
"#fyi\"",1
"#graciasseleccion\"",1
cocha,1
"\"alguno",1
superiores,1
mueve,1
orbital,1
"\"promesa",1
pa‘allá,1
neutral.,1
"https://t.co/ksowbmnl0b\"",1
confeccionado,1
mayos,1
renombrando,1
mundialista,1
google,1
"https://t.co/rlqp4ejjs3\"",1
"\"scaloni",1
"https://t.co/g6tjwmdcbb\"",1
"\"¿todos",1
forro,1
idolo,1
continuidad,1
ex..,1
ganarla),1
lauros,1
trofeo.,1
"\"@germain1984",1
"https://t.co/665y8qgdx8\"",1
https://t.co/w63bxdx68x,1
https://t.co/7mh4tsyvzq,1
laburando,1
xogaao,1
felicitando,1
"\"✅",1
@davidfaitelson_espn,1
falto?,1
"https://t.co/sr7x8b9oqt\"",1
palabras:,1
tabla,1
ejecución,1
donados,1
"#tombrady",1
"18/12/♾️\"",1
"https://t.co/shhzuxhawh\"",1
"https://t.co/mrebpnifl5\"",1
"mes,",1
madurar,1
brutalidad.,1
@rafajulve,1
celebrarlo,1
haaland,1
ubicación,1
"https://t.co/wm4aiv1dw0\"",1
"?\"",1
@djokernole.,1
furros,1
"merecía,",1
"nacional\"",1
"fogg\"",1
entendí,1
quitando,1
albiceleste����,1
"goles.\"",1
ponele,1
simeone,1
"\"ash",1
entraría,1
"#qatar,",1
degollaria,1
guardián,1
"constancia,",1
feid,1
❤,1
"\"su",1
maybe,1
"messi,no",1
actuaba,1
conseguirá,1
alargará,1
"\"rosada",1
si:,1
trabajó,1
"https://t.co/yaejvwr5xy\"",1
"trolo,",1
"bariloche,",1
habla,1
"\"soccer\"",1
pus,1
consecución,1
(actualizada),1
quedará,1
reproduciendo,1
"dicaprio?\"",1
veniii,1
(ya,1
hermano),1
kun.,1
"atleta,",1
"https://t.co/mzzubogcwj\"",1
"version,",1
vuelvo,1
encendió,1
obesionó,1
"messi!!!\"",1
basa,1
dibi,1
"pueden,",1
"música,",1
"rojinegro,",1
historias.,1
"https://t.co/5sykbrmc02\"",1
chequeado,1
"apacigüen,",1
lejana,1
"https://t.co/il0yf9iu5a\"",1
https://t.co/wmwyytw3lr,1
"\"volvería",1
—,1
"https://t.co/p62muv34nu\"",1
"rendimos,",1
"https://t.co/qs75bujrxt\"",1
segudo,1
paraba,1
conmigo,1
jaksksksjs,1
"kirchner\"",1
"mg\"",1
��18.12.2022,1
olvidó,1
��¿sabes,1
campeón������⚫️����,1
"mierda\"",1
sentí,1
"universal,",1
"\"@velezfutbol",1
cara',1
centro,1
"\"recibir:",1
llegada,1
y...,1
correlación,1
mundo...,1
antoo,1
"#mbappe��",1
salten,1
lista,1
"https://t.co/olsxl3qqq8\"",1
ney,1
dólares,1
gasoducto,1
"límites,",1
padrino,1
"fuego!!\"",1
"texto.\"",1
"teléfono\"",1
espina.,1
​​victoria,1
yo.,1
"diste,te",1
@rebmangas,1
"seguir..\"",1
generó,1
insta,1
"soberbia,",1
"#cubavive",1
"https://t.co/bqlnfzehyo\"",1
"una.\"",1
"23\"",1
novias��,1
"https://t.co/28ie5vnq0z\"",1
"seguidores\"",1
top10,1
"https://t.co/eiw5peowuo\"",1
nunca.,1
"ayuda\"",1
"tipo,",1
resumida,1
"heinze,",1
parecido!!el,1
carga,1
perfect,1
imágenes,1
greatest,1
bajón,1
conservar,1
"loba\"",1
galaxia,1
"#nolosexcluyaspsoe",1
plano,1
aterrizarán,1
tesis,1
"merece\"",1
"caribe,",1
(de,1
-lionel,1
��campeones,1
"https://t.co/8itndvbaud\"",1
capítulo,1
cirugía,1
baja,1
"perooo,",1
mbapee,1
chupenla,1
"#comunicaresvencer",1
"demostro.\"",1
panelistas,1
bardeado,1
"conseguirla\"",1
"feliz⭐️⭐️⭐️\"",1
nomás.,1
ciudades,1
"ganas\"",1
"acabo.\"",1
"https://t.co/foblif9lk5\"",1
"fue\"",1
¿te,1
greetings,1
pop,1
vignolo,1
"diciembre,",1
pasadas,1
recientes,1
"https://t.co/46os7lisyh\"",1
"popular,",1
octavos,1
"cierra,",1
“messi,1
photoshopeada,1
"#dibu",1
partido...,1
tubo,1
vernon,1
merecemos,1
"jugando,",1
transmite,1
aparezcan,1
"calabró,",1
"\"jesús",1
rendimiento,1
"qatar,",1
"garganta,",1
nativos,1
"https://t.co/jnsnot7v7e\"",1
repugnantes,1
"mufa,",1
am.,1
"pendejo\"",1
"jajajaja\"",1
consumir,1
"@fifaworldcup_es\"",1
"mixtape,",1
"ok?\"",1
balompié,1
dimensionado,1
nenas,1
"https://t.co/a6mkmfnmk9\"",1
escondí,1
"#camavinga",1
2019,1
"fracaso.\"",1
⭐️⭐️⭐️����.,1
cuatro,1
"quiera.\"",1
"troglodita,",1
urnas,1
"ídolo,",1
8.000millones,1
escandaloso,1
"\"dibujo",1
"https://t.co/3q3nhvbojt\"",1
pelado,1
retirarse,1
"pa\"",1
aaaah,1
"\"ojala",1
oh,1
verdadd???????,1
"grupos,",1
"crack.\"",1
iniciativa,1
produjo,1
"https://t.co/vyeujkoxor\"",1
@gpscongreso,1
alarque,1
villa,1
"madreee\"",1
hetero,1
metás,1
"?!!!\"",1
"rabiando,",1
condonar,1
"ok\"",1
maravillosos,1
bien”:,1
nadamás,1
"#jungkook",1
"\"vimos",1
daban,1
"https://t.co/pzo5tprddm\"",1
"\"contemporánea",1
"\"definitivamente",1
justicialista.,1
"areco,",1
confirman,1
"https://t.co/a8gwxw4wfh\"",1
"día����\"",1
beso,1
llegó.,1
toks,1
odio.,1
"\"kircho",1
mirarlo,1
flores,1
"segundo,",1
contento,1
nacionalidades,1
10;,1
"anterior.\"",1
"papu,",1
"https://t.co/elprdb57yt\"",1
cagan,1
"\"claramente",1
likear,1
entendes,1
"https://t.co/zkojvjbaqj\"",1
"https://t.co/8b2hkgqgap\"",1
"ch#@$\":vignolo",1
"mmn\"",1
parís,1
!!!..,1
inicio,1
"#copala",1
ganó.,1
pueteaba,1
altoparlante.,1
47,1
!,1
(ver,1
aaa,1
"gano,",1
distintas,1
"pulga,",1
dallas,1
"corona\"",1
����argentina,1
"https://t.co/9gcdieabmg\"",1
✨️18.12.22,1
muera?,1
"\"capo",1
maravillosa,1
¿es,1
esperamos,1
“gente,1
"\"“habría",1
"https://t.co/kwnpt2nkl8\"",1
es).,1
tristeza,1
hermanooo),1
"\"coronados",1
veneno?,1
"lados,",1
"��������������������������������\"",1
supero,1
@kmbappe,1
"https://t.co/qhvomwyx04\"",1
niembro,1
siguiente:,1
felicidad!,1
chup@rm#,1
"kun,",1
"bb,",1
"inalcanzable,",1
caravana,1
"¡soporten,",1
@patxilopez,1
"\"jamás",1
"semana.\"",1
"#firejamesgunn",1
"morir\",",1
veas,1
"https://t.co/4zzny9qmmt\"",1
"sigamos,",1
"https://t.co/axu09ctbc2\"",1
"jajajajajajja\"",1
pasman,1
messi-cristiano.,1
@jaimelabc,1
"messi????????????\"",1
tmb,1
manchar,1
"chocolates,",1
"jajsja\"",1
regalen,1
"#amlo\"",1
querian,1
pedazos,1
mienteme”,1
"\"cabron",1
monton.,1
",(",1
dándonos,1
sacáis,1
deseámos,1
"#portugal",1
"https://t.co/8wnmibshjj\"",1
“terminar”,1
"❤️������\"",1
cama,1
galeria,1
enterrándolo,1
hicimos,1
sonar,1
desvanece,1
"#aguero",1
ponerme,1
2123,1
cadena,1
comadreja,1
"https://t.co/s2ixnuh5il\"",1
faz,1
ibai,1
"https://t.co/lflubqqgrd\"",1
instantes,1
"https://t.co/6zbcraohd9\"",1
insultaban,1
dejaré,1
"supuesto,",1
season's,1
taylor's,1
&lt;3,1
@rbarbano,1
podrá,1
croacia.,1
"mosca,",1
mato,1
"\"2022:",1
ovaciones,1
"unfollow,",1
historia?��,1
destacaron,1
aguirre,1
"\"saquenme",1
"echaba,",1
"#copa2022",1
debate”,1
������������������������������������������������������������������������,1
"rosada!\"",1
"https://t.co/w4u1lqdibs\"",1
"#martínez",1
alfredo,1
tdo,1
envías,1
alla,1
"obviamente,",1
superioridad,1
metido,1
tirándole,1
chef,1
@santicl,1
macristas,1
"laboral\"",1
"https://t.co/os1nmagkmd\"",1
(para,1
gusta.,1
"https://t.co/m5dhc7kdj7\"",1
"\"mí",1
poco.,1
orgullosa,1
fin...,1
"mal\"",1
penaltis,1
pezzella,1
2⭐️.,1
"https://t.co/8jhvgoc0gr\"",1
"cruyff.\"",1
"oportuno,",1
passarella.,1
mito,1
creativo,1
heredero,1
"merecido,",1
"https://t.co/2hezast5yj\"",1
dudaste,1
hornos,1
quizás,1
pinned,1
"ganado?\"",1
guardada.,1
"terreno.\"",1
"dimaria,",1
esperan,1
preguntamos,1
"esto?\"",1
vení,1
"\"estudio",1
120,1
besa,1
…,1
naides,1
messistas,1
seaa,1
caso,1
"https://t.co/enshro9pzt\"",1
@jfrserrano,1
estarás,1
usáis,1
deportivos,1
putas,1
"personas,",1
desaforada,1
señal,1
"directo,",1
��efe.,1
!!!!..,1
https://t.co/txwggaycbg,1
"\"algún",1
negocio,1
escuchamos,1
régimen,1
"existir,",1
hate,1
2006,1
"\"#lanatasinfiltro",1
"\"ganamos!!������������",1
superarán,1
final...messi,1
entero,1
"excusa.\"",1
mauro,1
"https://t.co/99igiiofd0\"",1
admiraciones,1
parando,1
descomunal).,1
"\"donde",1
maxi,1
tecnico,1
ajsjakakskajajaj,1
"argentina\"..",1
compañía.,1
estemos,1
háblales,1
"https://t.co/gb1okqtcsp\"",1
diciendoles,1
"https://t.co/v9vhypaqpq\"",1
quedarse,1
"para,",1
"https://t.co/zhzghrlm5x\"",1
"alberto.\"",1
sacaste,1
sobran…,1
"#triquis",1
2-0,1
condenar,1
e…,1
"https://t.co/rc0bththkc\"",1
alma,1
alegra,1
"alto.\"",1
yucatán,1
brava,1
aveiro,1
https://t.co/giap0lmmnu,1
"tierra\"",1
"compañeros,",1
hermanito,1
"https://t.co/dir1pcilfe\"",1
envidiar,1
salida,1
abrir,1
criticaban,1
botin,1
"copa����‍♂️\"",1
"#worldcup2022",1
semifinales,1
sufriendo,1
córdoba,1
"tremendos,",1
"\"caen",1
teta,1
original,1
hubo.,1
"\"pobre",1
encuentre,1
"ratito,",1
datos,1
"https://t.co/faxijtblyi\"",1
idolatría,1
"montiel…\"",1
"mundo!»,",1
piensen,1
"https://t.co/l7q0xeoy2b\"",1
"https://t.co/kts5nouf6z\"",1
"https://t.co/fvxmmlhkrj\"",1
qatar.,1
apoyé,1
mamando,1
puttear,1
"\"mg:",1
total.,1
"terminó,",1
determinante.,1
arrodillan,1
"lloro\"",1
cuartos,1
"esperando\"",1
"#copamundial,",1
creo....,1
@psoe,1
gritó,1
seguramente,1
"\"ser",1
"\"#internacionales",1
yo:,1
"https://t.co/sn9zzbrs6d\"",1
"leche♥️\"",1
"#memes2022",1
ayude?,1
"todos\"",1
"https://t.co/fbsopt7fkt\"",1
"lágrimas,",1
instancias,1
"svt,",1
"https://t.co/yjzcifhaqj\"",1
pareces,1
atragantaron,1
"ninguno,",1
pitaron,1
bb,1
"puesto,",1
apagó,1
"rip\"",1
"https://t.co/y9fxteryl7\"",1
frionel,1
"#acoty2022",1
"❤️‍������\"",1
encontrarlo,1
"course,",1
"shinee,",1
"momento,un",1
¿ustedes,1
"\"quizás",1
loq,1
eurocopa,1
asegura,1
franceses,1
inexperto,1
"petiso?\"",1
"\"elma",1
"#copaamérica",1
"asado,",1
federico,1
"brazo\"",1
invadió,1
elegante,1
"https://t.co/n7bblqwllh\"",1
llanto,1
mamar,1
"https://t.co/gb9idsdkeo\"",1
"\"seré",1
"titulos,",1
cagar,1
@rm,1
"navidad,",1
"objetivos\"",1
bailarles,1
@sangarciacorre,1
"mundo..\"",1
corona,1
diría,1
està,1
dispositivos.,1
"#goat��\"",1
plenamente,1
"paa\"",1
sudamericano.,1
app,1
reggaeton,1
"años.\"",1
"parece\"",1
unido!,1
petada,1
llegan,1
$60...la,1
https://t.co/qv4rq56t2k,1
retuitear,1
vieja,1
"aguero,",1
fc?,1
"caigo,",1
lebron,1
dió!,1
"él,\"",1
jueves.,1
"ti������\"",1
"duda,",1
⁦@sabridiaz⁩,1
ot5,1
"\"metas",1
tipa,1
nah,1
planas,1
"https://t.co/ehj0ww5i9j\"",1
oscura.,1
tomas,1
pidió,1
"https://t.co/umr5kmmixt\"",1
12horas,1
"https://t.co/qtmwrtg4oh\"",1
disfruto,1
"ella��\"",1
carajo!!!!!!,1
vialidad,1
"jubilación.jajajaja\"",1
suma,1
spot,1
paseo,1
"corazón\"",1
social,1
economía,1
listo,1
"https://t.co/hd0bsqxt4d\"",1
sacarse,1
"https://t.co/ina9ujqpke\"",1
jungkook,1
"promo,",1
cambiarlo,1
"central,",1
quinceo,1
lloro?,1
aplauden,1
15-20,1
"\"veni",1
dedico,1
https://t.co/jttzdptmgr,1
pantalla...,1
"https://t.co/asshs9usg8\"",1
cojones.,1
@m_presidencia,1
escriba,1
bajarte,1
monumento,1
"feo��\"",1
"https://t.co/hha2yj7oy2\"",1
casarme,1
jajajajajajajaja,1
"mate,",1
"\"hinchas",1
"económico,",1
enamora,1
seres,1
barcelona...pasarla,1
"mamá\"",1
inanalizable,1
admito,1
"#oaxaca",1
"copas,",1
racing,1
"jermu...\"",1
salvarlo,1
"\"@marca",1
"herida.\"",1
campeoneeeeees,1
saludar,1
horca,1
empiezo,1
golpeó,1
"famoso.\"",1
reproducir,1
llegaron,1
petroapp,1
prefiero,1
"\"insólito",1
liberman,1
encumbra,1
tweet).❤️#bolivia,1
asomó,1
"\"⚽pelé",1
"\"muero",1
coronar,1
"\"“ahora",1
grande;,1
reconocimientos,1
"corrientes,",1
"https://t.co/qeo3crdvbv\"",1
ganadores?hablen,1
complicado,1
"\"ami",1
"https://t.co/dyvcb0jf9h\"",1
"2007,",1
"\"tienen",1
trazadas,1
colgarte,1
"https://t.co/wvkinsq4il\"",1
humanos?,1
"freud,",1
cristiano…,1
"#pasiónxcuba",1
"\"considencia?",1
450,1
"#campeones\"",1
"\"amé",1
"vivan\"",1
lápida,1
"\"aguante",1
"miley,",1
sigues,1
"\"lista",1
"messi?��������\"",1
esas,1
unico,1
petros,1
alvarito,1
pensábamos,1
altos,1
"pensé,",1
bondi,1
"tóxica,",1
",caí",1
usó,1
gente!,1
"https://t.co/o4jkhyhykz\"",1
diferente,1
fifas.,1
"https://t.co/un40ggqaug\"",1
"hacerlo,",1
nació,1
más...sos,1
"https://t.co/hgjq5j6jae\"",1
máquina.,1
"memoria,",1
"ah,",1
"\"quedate",1
acerca,1
bienvenida,1
fravega.,1
argentina?????,1
@hugo_leonel,1
"culo\"",1
"\"mucha",1
@libermanmartin,1
https://t.co/bvl1nrjrf6,1
bajan,1
tagliafico,1
olvidarlos,1
"\"2021",1
gritaron,1
"vidas?\"",1
penal?,1
amaran,1
del mundo,1
maximo,1
"nariz.\"",1
absoluto,1
"https://t.co/do2qjnxcfe\"",1
"ustedes.\"",1
amiga:,1
"\"ninguna",1
quitarte,1
porro,1
"\"thanks",1
latina,1
drogadicto.,1
"hora\"",1
manija,1
"faso\"",1
kinesiólogo,1
morirme,1
infierno,1
mil,1
'da,1
equipazo,1
gratuita,1
"87.\"",1
"exclusivo,",1
"#puntadevanguardia",1
disfrutamos,1
movimiento,1
burlaban,1
desplazar,1
jugados,1
"\"estas",1
miami,1
"\"sergio",1
"emocionarse,estoy",1
fabelas,1
"portada\"",1
"\"porque",1
trató,1
arbitraje?en,1
toti,1
"https://t.co/zngd47gkk8\"",1
llorarle,1
masculinidad,1
"\"agarro",1
primeros,1
sem,1
real.,1
"calzoncillos,",1
"\"@flavioazzaro",1
"https://t.co/uemlfmoqft\"",1
traigo,1
guardar?,1
devolverte,1
montiel,1
"https://t.co/esiekjrckt\"",1
tendra,1
"\"master",1
@sanchezcastejon,1
"\"néstor",1
cualquiera,1
marcar,1
"estrella\"",1
"\"#espnf90",1
hermosamente,1
ponerle,1
"owen\"",1
live”,1
"#cubaviveensuhistoria.",1
"\"@marthadebayle",1
dsp,1
aprenden,1
"\"fútbol",1
instantáneamente,1
tatué,1
"batistuta?\"",1
juntó,1
mancharon,1
joya,1
pidio,1
tienen.,1
soñamos,1
cowboys?,1
ocho,1
"\"ptm,",1
zurda,1
"loco����\"",1
and,1
das,1
"\"qatar",1
vulgaridad,1
huevo),1
"basile,",1
"��������♥️\"",1
"caso,",1
"atrás???\"",1
"etc..\"",1
inmigrante,1
homenajes,1
"\"verlo",1
1-0,1
perras!,1
robó,1
mente,1
culorotos,1
ahora?????,1
prendan,1
chupenme,1
"\"beshth\"",1
"https://t.co/fryydhx6wx\"",1
"pedirrrr\"",1
enteré,1
"\"messi:",1
seré,1
negativa,1
"\"dejen",1
"#fifaworldcup ",1
cambiar.,1
sueño.,1
"\"parte",1
"\"entonces",1
aburrido,1
"mamita,",1
alcanzada,1
veniiii,1
compartanla,1
desempeño,1
"buenos,",1
"excelentes,",1
"martínez,",1
"\"@aguerosergiokun",1
!!,1
"despertado?\"",1
"https://t.co/qnovajvfem\"",1
https://t.co/gcewt4m3vh,1
colaboren,1
3⭐️!!!,1
mbappè.,1
decian,1
jubilando,1
"queda?\"",1
"claro,",1
disfrutarlo,1
emocionó,1
nacion.,1
signos,1
tb,1
"tyc,",1
"https://t.co/0yet5wixhx\"",1
"https://t.co/klqxl2c6vj\"",1
descubra,1
"#campeon",1
ayer??,1
"https://t.co/cnkgoxiwzu\"",1
"\"nosotros",1
quedarán,1
"\"portada",1
"\"sin",1
"newell's,",1
olvidamos.,1
tropezó,1
@neymarjr,1
rompiendo,1
"veo,",1
"https://t.co/mcyjjuwvwy\"",1
destruyó,1
roto,1
sienta,1
que?por,1
pijín,1
sports,1
-ganaron,1
"#finalissima;",1
sincero.,1
plantel..,1
defienden,1
"revísense.\"",1
"\"voy",1
"#bunnyvas",1
@marca,1
monjas,1
personajes,1
"reconocerlo,",1
arreglo,1
increíble.,1
campo.,1
lideró,1
"https://t.co/pxpnzkkrqs\"",1
"kaiser,",1
"#bopoftheyear",1
"\"pobres",1
marico,1
https://t.co/zjnogf9ymp,1
encuentran,1
"https://t.co/uphlahd4bz\"",1
ocsar,1
"nosotros\"",1
"https://t.co/lltglsknty\"",1
"\"finalmente",1
"llanto,",1
"mundo!!!\"",1
tele,1
klose,1
"mexicano,",1
clásico,1
publica,1
"beckham,",1
"https://t.co/d1fsmgjrp6\"",1
cabala,1
"barça.\"",1
"renovar.\"",1
chorearon,1
"mundo,nos",1
"quien?\"",1
enfermo,1
ayer...,1
creíais,1
"https://t.co/jkwgyjx8mj\"",1
"derrota,",1
amarlo,1
“ropa,1
"puedo,",1
"https://t.co/hj3mhmtrl8\"",1
"https://t.co/afo2tre2ik\"",1
mundiales.,1
@canelo,1
"terapia\"",1
dulce,1
¿le,1
time,1
lic.,1
encontrar,1
"garcia,",1
"10.\"",1
himno…,1
"pelé,",1
imagino,1
zapla,1
2030,1
"\"@julianalvarezzz",1
"#netizensreport",1
vida❤����,1
"\"venimos",1
particularmente,1
"#evnews",1
pidiendoos,1
"\"estados",1
"https://t.co/ql9nhqeneh\"",1
desarrollos,1
"\"#nuevafotodeperfil",1
amber,1
dejará,1
"atracos),en",1
cambió,1
"https://t.co/wwd58u5gor\"",1
especiales,1
"\"@aguardado18",1
"ojo,",1
ilegal.,1
"6,",1
mx,1
condenación?��,1
jamas,1
"\"dicen",1
fase,1
"iraní,",1
"ah\"",1
kempes.,1
ligeramente,1
"\"lic",1
"4,",1
permanentemente,1
"guardo\"",1
"#app",1
"stefano,",1
liberar,1
"leo\"",1
aquello,1
"\"javier",1
grupal,1
oficial”,1
"celebridades\"",1
paissss,1
"#messilike",1
"\"¿ustedes",1
mundo��,1
"etc,",1
ridículo,1
"\"queremos",1
✨️,1
cruce,1
mexicano.,1
admitas,1
hiciste,1
recorda,1
"��,",1
vienen,1
sí!,1
"oficial,",1
"corazoncito\"",1
quererte,1
aprendieran,1
"deportes,",1
"barça\"",1
"\"«¡la",1
(emoción,1
"aburri\"",1
cuánto,1
quiénes,1
discapacidad,1
"#noestamosbien",1
"#vamosmessi",1
all,1
"psg\"",1
"mundo��\"",1
conquistaron,1
https://t.co/rrosxegx2j,1
"https://t.co/ok5gtohobp\"",1
mi:,1
creamos,1
"\"trabajamos",1
"celeste,",1
exponente,1
desprecio,1
conciente,1
"cultura,",1
"\"18/12/2022,",1
steelers,1
unía,1
"lio,",1
agua.,1
"\"\"a",1
enterado,1
tibios,1
cruza,1
país…,1
agente,1
"https://t.co/gew0oyqyvx\"",1
criticaste,1
aquél,1
tardará,1
"\"analizamos",1
"falta��\"",1
enseñanza,1
gloriosa,1
||,1
metas,1
yerba,1
"#cristianoronaldo",1
rodriguez,1
"https://t.co/wfaavosjt8\"",1
anoche,1
amante,1
"gane.\"",1
corte,1
termina,1
⁦@clarincom⁩,1
hiso,1
"#ronaldo",1
"araña,",1
"@tepalglez\"",1
nenes,1
"esto,",1
hubieran,1
lacras,1
"sueños.\"",1
concentración,1
perdono,1
"5,",1
jugué,1
mias,1
queen,1
cancelo,1
"así...\"",1
"momento.\"",1
"#afptv",1
"gotze\"",1
"déjenlos,",1
hablará,1
rupestre,1
día.,1
"https://t.co/ug2adrsber\"",1
ortear,1
diaz..y,1
upa,1
corrida,1
lechón,1
icónica,1
interesa,1
"acción\"",1
"\"��en",1
3765,1
"ruggeri,",1
"tiempo.\"",1
⏯️,1
@cristiano,1
"lionel!!!!\"",1
"amigos\"",1
ilusiono,1
cierra,1
"messi❤����❤����\"",1
coronan,1
independiente,1
"https://t.co/pwgintnif4\"",1
mandan,1
bien.,1
"\"@nicocayeta",1
"mundo,puedo",1
pantalones,1
alegría!,1
acompañaba,1
"\"\"esta",1
superado,1
veinte?,1
"https://t.co/mwapoqduvh\"",1
¿el,1
"):\"",1
"\"ángel",1
entero.,1
"https://t.co/ckc5ogdp40\"",1
podré,1
min,1
aunq,1
fiebre,1
enemigo,1
antonio,1
"\"primeras",1
pachuca,1
méxico:,1
indiscutida.,1
"cheee\"",1
"oh\"",1
"https://t.co/lpmscepqmz\"",1
mire,1
perú,1
"mundiales.\"",1
pertenecientes,1
"\"consulta,",1
(quien?),1
entrevistar,1
caga,1
actitudes,1
trataba,1
luchar,1
emociona,1
ahorrar,1
'kun',1
final.,1
"culiado\"",1
atrevo,1
defiendo,1
"\"sentí",1
ascenso,1
marcó,1
ultima,1
also,1
pelotita,1
"conmigo\"",1
portero,1
"odiadoras,",1
artesanal,1
amables,1
condenado.,1
"jsjdjwks\"",1
festeje,1
penales?,1
(aparte,1
besó,1
hablamos,1
"https://t.co/zrhepoviia\"",1
"felices,",1
morales,1
"espn\"",1
"\"yendome",1
djmario,1
comenzó,1
insultar,1
nombró,1
"https://t.co/vch4yyxffa\"",1
¡el,1
gringos,1
estorbarlo,1
"\"leones",1
"“bisht”,",1
"https://t.co/u7nkq43m2y\"",1
aproximado,1
patria,1
nosotros.el,1
barco,1
"todos.\"",1
"#leftandright",1
cagua,1
"prensa,vale",1
estaría,1
"psg,",1
"https://t.co/b39yqjlz0k\"",1
tomen,1
crack.,1
quinto,1
"✅\"",1
desaprovecho,1
"#messiborracho",1
"\"muchos",1
"\"#cajanegraconmessi",1
"noel,",1
https://t.co/p4fechoahh,1
loop,1
