,"\"Igual hoy tuve que ir a trabajar...\\ud83d\\ude14\\ud83d\\ude14\\ud83d\\ude14....\\n\\u00bf Est\\u00e1 es la paz de messi ? \\ud83d\\ude44\\ud83d\\ude44\\ud83d\\ude44\\ud83d\\ude44\\ud83d\\ude44\""
,"\"@EduAguirre7 donde quieras que est\\u00e9s, desde #Argentina te mandamos saludos... y si vas hablar de #Messi, antes, lavate la boca! Lo tuyo no puede pasar desapercibido, sos un detractor como los tantos anti argentina y anti messi, inaceptables. @elchiringuitotv\""
,"\"\\ud83d\\ude31 Erick Osores contra la FIFA: \\u201cLa industria quer\\u00eda que Messi sea campe\\u00f3n\\u201d\\nhttps://t.co/D3flLjALEh\""
,"\"yo? yo quiero algo como lo d Messi y Antonela\""
,"\"Argentina campe\\u00f3n: Messi le da una gran noticia sobre el PBI a Massa \\n\\u270d\\ufe0fPor @javslucki\\nhttps://t.co/7dYVnHE1SD\""
,"\"El s\\u00e1bado me preguntaron prefer\\u00eds ganar tu quiniela (estaba muy cerca de ganarla) o prefer\\u00eds que Argentina y Messi gane el mundial. Obvio le tengo demasiado amor a Messi aunque no sepa de mi existencia \\ud83e\\udd7a\\ud83e\\udd7a\""
,"\"Este hombre con esta mujer muestran que no hay g\\u00e9nero son una pareja juntos a la par Dios ... amo haber visto de Messi y antonela cada partido y la final consagr\\u00f3 quienes son CAMPEONES de la vida GRACIAS #MundialDiferente #Messi\\ud80c\\udcf5 #ArgentinaCampeonDelMundo https://t.co/3j4tZvArKo\""
,"\"por Messi y la \\\"Scaloneta\\\". \\nQue se yo\\u2026 cuando a Tabarez le iba bien ellos aplaud\\u00edan y ped\\u00edan copiar el proceso. Hoy es hora de tomar apuntes. Barrer con los referentes que ya no corren, poner a los j\\u00f3venes y jugar siempre a ganar. No es tan dif\\u00edcil. Faltan apenas 3 a\\u00f1os y medio\""
,"\"Messi es buen amigo, buen esposo, buen pap\\u00e1 y buen jugador. No tiene nada en contra\""
,"\"Podemos como argentinos ponernos de acuerdo y sacar el like de la foto del huevo as\\u00ed la de Messi levantando la #FIFAWorldCup queda con la mayor cantidad de la historia? \\n\\nhttps://t.co/5cjekesquR\""
,"\"A los periodistas: no lo hagan sentir inc\\u00f3modo a Messi dici\\u00e9ndole \\u00f1o\\u00f1erias.\""
,"\"El fan promedio de Messi piensa que quienes nos inclinamos por Francia es porque somos \\\"Anti Messi\\\" y les cuento que no, no es requisito odiar una cosa para sentirte propio de la otra.\""
,"\"Loco vi jugar tanto a Messi y sufrir en mi vida que no puedo procesar que lo logro loco QUE EJEMPLO LPM YO CON GANAS DE PEGARME UN TIRO TODA LA VIDA Y ESTE HIJO DE PUTA LEVANTANDOSE HASTA QUE LOGRO POR MESSI TE JURO QUE TE VOY A SEGUIR DE EJEMPLO SOS EL 1\""
,"\"LO MAS LINDO es q, en unos meses, en alg\\u00fan rinc\\u00f3n de esta tierra bendita, estar\\u00e1 naciendo el futuro mejor jugador del Mundo. \\n\\n'59: Di Stefano BalonDeOro ('60 nace D10S)\\n'86: Diego en la gloria ('87 nace Lio)\\n'22: Messi el mejor de la historia\\n\\n#FIFAWorldCup #Messi\\ud80c\\udcf5 #Argentina https://t.co/ZOW9ZvmkFF\""
,"\"Messi sac\\u00e1ndole fotos a Antonella\\u2764\\ufe0f\\u200d\\ud83d\\udd25 y Scaloni yendo casi autom\\u00e1ticamente a buscar a los hijos a la tribuna \\ud83d\\udc4f\\ud83c\\udffe. Dejaron la vara en la estratosfera  \\u2714\\ufe0f\""
,"\"\\ud83e\\udde4\\ud83c\\udfc6| #DeportesRED92 | #DibuMartinez | #LePudoHacerUpa\\n\\n\\u00a1Le pudo hacer upa!\\n\\n'Dibu' Mart\\u00ednez subi\\u00f3 una simp\\u00e1tica foto bromeando con la frase de Messi y la Copa del Mundo.\\n\\nhttps://t.co/3LkgDLknPQ https://t.co/neCfhcukNW\""
,"\"#Qatar2022 | Argentina campe\\u00f3n del mundo \\ud83c\\udfc6\\n\\n#Arg rompi\\u00f3 la sequ\\u00eda de 36 a\\u00f1os sin t\\u00edtulo mundial ante una #Fra impresionante. \\n\\n#Messi\\ud80c\\udcf5 brill\\u00f3 y devolvi\\u00f3 a la cima a la albiceleste como lo hiciera Maradona en una #FIFAWorldCup \\n\\nEl reporte final desde Lusail https://t.co/77I3xsKxpE\""
,"\"hay una en la parada del colectivo que le est\\u00e1 diciendo PELOTUDO A MESSI POR DEJARSE PONER E\\u00d1 COSO ESE QIENLE PUSO EL QATARI ME TITILA EL OJO DE LA BRONCA\""
,"\"La familia Messi decret\\u00f3 que la camiseta celeste y blanca es mufa as\\u00ed que desde 2023 nuestra bandera ser\\u00e1 violeta.\""
,"\"Que lo disfrute el pueblo que tanto se lo merece...\\n\\nGracias #Messi\\ud80c\\udcf5 https://t.co/dcy8cIZ9y1\""
,"\"D\\u00f3nde est\\u00e1 Messi dec\\u00edann, ac\\u00e1 lo ten\\u00e9s .. https://t.co/QfteJWBDGs\""
,"\"Buen d\\u00eda para todos los que creen en #Messi\\ud80c\\udcf5 y la Scaloneta!\""
,"\"cuidado anti #messi, #M3GAN vigila https://t.co/8z7vT1AVBp\""
,"\"Messi si tenes la nena ponele Katarina\""
,"\"Maradona es el mas grande de todos los tiempos, Messi es el mejor futbolista de la historia. Las dos cosas conviven y ninguna es mas importante que la otra. Para grieta La Naci\\u00f3n.\""
,"\"Quiero ir a ver a Messi cuando llegue a Argentina \\ud83e\\udd7a\""
,"\"Otra cosa que en estos momentos es irrelevante: LIONEL ANDR\\u00c9S MESSI CUCCITTINI VA A GANAR SU 8VO BAL\\u00d3N DE ORO!!!!!!!\""
,"\"Le iba a mandar te extra\\u00f1o solo por messi pero estoy bloqueado de todos lados\\ud83d\\ude02\\ud83d\\ude02\\ud83d\\ude02\""
,"\"Y entonces? Ya lo vieron a Messi? Es el que trae la copa del mundo pibe\""
,"\"S\\u00f3lo quiero que recordemos esto que dijo la nefasta un momento, porque merece total y completa condena nacional.\\nMessi o bala. Corta. https://t.co/BncHFUrou1\""
,"\"Todos estamos felices porque Messi la rompi\\u00f3 toda este mundial.. pero por favor Di Maria, Enzo,  Julian y Macalister hicieron desastre !!!!!!!\""
,"\"GRACIAS ARGENTINA, Y GRACIAS LIONEL ANDR\\u00c9S MESSI CUCCITINI POR HACERME TAN FELIZ \\ud83c\\udde6\\ud83c\\uddf7\\u2b50\\u2b50\\u2b50 https://t.co/S4iM7SJ2Ql\""
,"\"Nac\\u00ed muy temprano para comprar un terreno barato y muy tarde para morir piloteando una nave espacial pero justo a tiempo para ver a Messi levantar la dorada \\u2b50\\u2b50\\u2b50\""
,"\"gracias lionel messi gracias argentina \\u2764\""
,"\"Es como que: As\\u00ed Messi haya salido campe\\u00f3n toca ir a trabajar \\n-- a verrrrrrr, obvio toca trabajar, pero voy a ir a trabajar sabiendo que Messi es campe\\u00f3n del mundo \\ud83d\\ude0d\\ud83d\\ude0d\\ud83d\\ude0d Es m\\u00e1s, todo lo que ocurra en mi vida de ahora en adelante, va a ocurrir mientras Messi ya gano un mundial.\""
,"\"Subo una foto de messi y cada vez encuentro otra mejor\""
,"\"Dec\\u00edas?\\n#Messi #Mbappe #ArgentinaCampeonDelMundo  #Scaloneta https://t.co/HnLUFPGkfv\""
,"\"Gente si messi gan\\u00f3 el mundial y faker volvi\\u00f2 a una final  este a\\u00f1o, todo es posible.\\n\\nVan a salir de oro, es el momento porque en esta vida todo se puede.\""
,"\"Messi NO es el mejor futbolista de la historia por ganar un Mundial, una Champions, una Liga o un Bal\\u00f3n de Oro.\\n\\nMessi ES el mejor futbolista de la historia porque es el \\u00fanico que tiene un v\\u00eddeo de regates de m\\u00e1s de 30 minutos en una sola temporada https://t.co/TtrmT1Ckhe\""
,"\"Qu\\u00e9 es esta emoci\\u00f3n que despierta Messi! Por favor, expl\\u00edquenme!!\""
,"\"\\u00bfMessi el mejor de la historia?\""
,"\"Mundial de Qatar: \\u00bfCu\\u00e1l es el significado de la t\\u00fanica que luci\\u00f3 Lionel Messi al levantar la copa?\\nhttps://t.co/uttmjRG5Jo\""
,"\"Miro las fotos de Messi con la copa y no puedo creer todav\\u00eda. Parecen las editadas que aparec\\u00edan hace unos a\\u00f1os\""
,"\"q raro q louis no apareci\\u00f3 con un tweet halagando a messi\""
,"\"ni agua a los q le tiraron mierda a messi \\nhttps://t.co/nL8Ikymeia\""
,"\"Messi. 6 botines de oro!. El \\u00fanico jugador, en toda la historia del f\\u00fatbol,que m\\u00e1s lauros ha obtenido. Le sigue, Cristiano Ronaldo, con 4. Todo dicho, por si faltara algo, en el historial de este GENIO!!!. ABRAZOS.\""
,"\"Las historias del sorteo de O Son do Cami\\u00f1o son peores que las de Messi ganando el mundial\""
,"\"La gente sufre por gusto ya gano Messi.....superenlo....nadie le va a quitar lo q el mismo se gano\""
,"\"No se que se viene primero si el cuadro de Messi con la copa para mi living o el tatuaje\""
,"\"\\u00a1La resaca del Argentina-Francia! Final hist\\u00f3rica, Leo Messi, r\\u00e9cords... https://t.co/z6S8RxoZf5\""
,"\"Ver a Cristiano y a Messi jugar en en vida y ser contempor\\u00e1neo a esta \\u00e9poca es lo m\\u00e1s bonito que me pudo haber pasado \\ud83d\\udc10\\ud83d\\udc10\\u2764\\ufe0f\""
,"\"Las dos Competiciones m\\u00e1s importantes: \\n\\n- Mejor jugador de los Mundiales? Pele\\n\\n- Mejor jugador de la Champions League? Cristiano Ronaldo \\n\\nEn ninguna de las dos competiciones m\\u00e1s importantes Messi es el mejor, pero te dir\\u00e1n los de la propaganda que es el \\u201cGOAT\\u201d #Marketing\""
,"\"Se est\\u00e1n demorando en Colombia para promocionar los lugares que visit\\u00f3 Lionel Messi en el sudamericano de 2005 donde estuvo el nuevo campe\\u00f3n del mundo \\ud83e\\udd23\""
,"\"Messi y compa\\u00f1\\u00eda  llega ma\\u00f1ana a Guatemala y estar\\u00e1 de aldea en aldea agradeciendo cada cohete, bomba y disparos que hicieron  ayer, est\\u00e9n pendientes de recibirlos.\""
,"\"messi te amo con todo lo q soy hermano \\u2764\\u200d\\ud83e\\ude79\""
,"\"El emocionante video de la Conmebol dedicado a Lionel Messi https://t.co/Hv15YDLQUA\""
,"\"jajajaja me voy a recibir a messi con la copa Navidad y a\\u00f1o nuevo me chupa la pija\""
,"\"Las burlas a periodista (anti Messi) Tom\\u00e1s Roncero por desastrosa predicci\\u00f3n de Qatar 2022  https://t.co/4n1A5oXxIN\""
,"\"auronplay en videollamada con messi omg https://t.co/4u7jcpPtZT\""
,"\"Aqu\\u00ed estoy alentando c\\u00f3mo siempre, yo soy ese que se amaneci\\u00f3 varias veces para verte jugar en el Barcelona a la ma\\u00f1ana, muchas gracias por hacerme el hombre m\\u00e1s feliz del mundo \\ud83d\\udc51\\u2665\\ufe0f\\ud83c\\udde6\\ud83c\\uddf7 te amo Lionel Andr\\u00e9s Messi. \\n\\nPD: mi hijo se llama igual que vos por qu\\u00e9 te amo, Lionel Andr\\u00e9s\""
,"\"gracias messi una vez m\\u00e1s al toke como 100pre. https://t.co/yEuh6amATy\""
,"\"Imag\\u00ednate ganar tu primer mundial a los 18 a\\u00f1os, llegar a otra final a los 23,  ser el jugador m\\u00e1s caro del mundo, ser goleador del mundial y hacer 3 goles en una final del mundial y que sigan diciendo que Messi es el mejor jugador.\""
,"\"Bueno sigo sin creer que Lionel Messi es campe\\u00f3n mundial, que felicidad tan hpta.\\u2764\\ufe0f\\u200d\\ud83d\\udd25\""
,"\"Tantos a\\u00f1os peleando para esto \\ud83d\\ude0d\\nTe amo Messi https://t.co/MgokXTrvZV\""
,"\"Que decimos de este se\\u00f1or ???\\nLeo Messi. #GOAT\\ud80c\\udcf5\\nUn jugador para la eternidad !!! \\n\\ud83d\\udc4f\\ud83d\\udc4f\\ud83d\\udc4f\\ud83d\\udc4f\\ud83d\\udc4f\\ud83d\\udc4f\\ud83d\\ude4c\\ud83d\\ude4c\\ud83d\\ude4c\\ud83d\\ude4c\\ud83d\\ude4c\\ud83d\\ude4c https://t.co/BirM4xpVRl\""
,"\"El barca presume a Messi en sus redes como esa ex t\\u00f3xica que sigue subiendo fotos con su ex esperanzada que van a regresar y el ex ya tiene otra relaci\\u00f3n m\\u00e1s bien (Messi con el PSG).\\n\\ud83d\\ude02\\ud83d\\ude02\\ud83d\\ude02\\ud83d\\ude02\\ud83e\\udd23\\ud83e\\udd23\\ud83e\\udd23\\ud83e\\udd23\\ud83e\\udd23\\ud83e\\udd23 https://t.co/bbmtdDh2ar\""
,"\"\\ud83c\\udfc5 Mejor jugador: Messi\\n\\ud83d\\udca5 Jugador revelaci\\u00f3n: Ounahi/Amrabat\\n\\ud83d\\udc4e Jugador decepci\\u00f3n: Cristiano Ronaldo\\n\\ud83d\\udc51 Mejor selecci\\u00f3n: Argentina\\n\\u26a1\\ufe0f Selecci\\u00f3n revelaci\\u00f3n: Marruecos\\n\\u274c Selecci\\u00f3n decepci\\u00f3n: Belgica/Alemania\\n\\ud83d\\udc54 Mejor seleccionador: Scaloni\""
,"\"Un dia antes del partido rufi se bajo del auto y le dijo a mi amiga \\u201caguante racing, aunque yo soy de messi\\u201d casi la morfo de amor ella entiende todo\""
,"\"El jevo mio dijo q si ganaba Messi me iba a pre\\u00f1ar, q hago yo ahora Dios mio\""
,"\"El debate no se acab\\u00f3 ayer, el debate nunca existi\\u00f3, CR7 es un jugador excelente pero no ha estado nunca cerca de Messi y nunca lo estar\\u00e1. Le duela a quien le duela. https://t.co/KSOwBMnl0B\""
,"\"\\\"\\u00bfD\\u00f3nde est\\u00e1 Messi?\\\": el emotivo video de la Conmebol tras la coronaci\\u00f3n argentina https://t.co/DSCI8HFktw\""
,"\"Ese tal Messi,ya me sabe a fisico pop\\u00f3.\""
,"\"@libermanmartin a mamarrrrr con Messi cabroooonnn https://t.co/zgggRkBcOL\""
,"\"Messi tiene la copa del mundo y yo tengo a la mejor novia del mundo https://t.co/pljdOyynD9\""
,"\"Para ver cu\\u00e1l es el mejor \\nEntre PEL\\u00c9 MARADONA O MESSI.. SIMPLEMENTE BADTA CON MIRAR LOS TITULOS DE CAMPE\\u00d3N DEL MUNDO DE FUTBOL...AL FIN Y ALCABO ES LO QUE CUENTA.\""
,"\"Quien pudiera ser Anto Roccuzzo, besar la copa y besarlo a Messi.\\ud83e\\udd72\""
,"\"Messi lucho 15 a\\u00f1os para darnos esta alegria, seria una falta de respeto festejar poco\""
,"\"Banda se cancela la depre, ya gan\\u00f3 Argentina y fuimos felices viendo a Messi. \\ud83e\\udef6\\ud83c\\udffb\""
,"\"Giovanni Simeone \\ud83c\\uddee\\ud83c\\uddf9\\ud83c\\udde6\\ud83c\\uddf7 era un Maradona virtual de Napoli. Si hubiera anotado ser\\u00eda una repetici\\u00f3n perfecta de 1986, pero ni siquiera jug\\u00f3. Sin embargo, las victorias de Maradona fueron diferentes. #CopaMundialFIFA Dimaria Dembele BuenosAires Martinez Messi https://t.co/XT1F3NSouT\""
,"\"Nunca superar\\u00e9 el video de Messi diciendo que no tiene ni un mango JAJAJAJAJA que ser\\u00e1 de nosotros si el no tiene ni un mango \\ud83d\\ude02\\ud83d\\ude02\\ud83d\\ude02\\ud83d\\ude02\\ud83d\\ude02\""
,"\"te quiero auron fan de messi https://t.co/vLxPK91Ssw\""
,"\"#MESSI Cuadro Futbol Messi C/vidrio 30x40 Mundial | LAMOMADECO https://t.co/DPMQgGJyXA\""
,"\"C\\u00f3mo chingan con Messi , paso cabrones.\""
,"\"c\\u00f3mo les cerr\\u00f3 el orto Messi a todos los periodistas\""
,"\"Hasta antes de Scaloni, no era Messista, nunca lo fui. Pero el Messi que canta el himno, que busca ro\\u00f1a, que se r\\u00ede en la cancha, el l\\u00edder que vimos todos me produce una emoci\\u00f3n profunda, me identifica.\""
,"\"Messi a cumplir https://t.co/oZh1y2A7GO\""
,"\"Acabo de elegir el camino de la felicidad: patear un final a febrero e ir a ver a Messi\""
,"\"#Mundial2022 Un diario franc\\u00e9s dice que el segundo gol de Messi debi\\u00f3 ser anulado por invasi\\u00f3n al campo de juego de los suplentes de #ARG La verdad que el arbitraje del polaco dej\\u00f3 mucho que desear, pero esto ya es de mal perdedor.\""
,"\"Jajsjs me dio gracia q cuando critiqu\\u00e9 a los fan\\u00e1ticos del f\\u00fatbol me pusieran fotos de Messi en plan XD bro\""
,"\"Messi, Di Mar\\u00eda y el dibu felices me dan a\\u00f1os de vida\\ud83d\\udc99\""
,"\"Hoy escuch\\u00e9 muchas personas decir, que Messi es el mejor de la historia,  no creo que sea el mejor de la historia pero si el mejor en estos tiempos, los mejores de la historia son PELE y Diego Maradona.\""
,"\"Se me caen las lagrimas! #Messi #QatarWorldCup2022 \\nGracias @CONMEBOL https://t.co/7B7hdKYV7E\""
,"\"La foto que los periodistas no quer\\u00edan ver \\ud83d\\ude1c\\nHablaron pelotudeces de Messi \\nY ahora como les qued\\u00f3 el ojo?\\nTE BANCO A MORIR CAPIT\\u00c1N \\u2764\\ufe0f\\nEs tuya campe\\u00f3n disfr\\u00fatala \\ud83c\\udfc6\\ud83e\\udd47\\n@Ieomessiok https://t.co/kBYeujA1M6\""
,"\"Hoy, m\\u00e1s que nunca, empecemos reconocer a los logros como consecuencia de que alguien hace las cosas bien y no porque se puso calzoncillos con lunares o porque evit\\u00f3 cruzarse con un tipo...\\n\\\"La superstici\\u00f3n es la religi\\u00f3n de los ignorantes\\\"\\n#SeleccionArgentina \\n#Messi\""
,"\"Que mal hice en mi vida para no merecer a un hombre que me trate como Messi a Antonela?\\ud83e\\udd7a\""
,"\"Felicidades a Argentina!! \\ud83c\\udfc6\\ud83c\\udfc6Leo Messi el mejor de la historia \\ud83d\\udc10 https://t.co/cts7AxGOOM\""
,"\"Messi se fue para Doha y con la copa se quedo.\""
,"\"Acu\\u00e9rdense que el Pat\\u00f3n Guzm\\u00e1n firm\\u00f3 un contrato donde dice q si Messi viene a Newells \\u00e9l se vuelve...\""
,"\"La pol\\u00e9mica est\\u00e1 que arde ahora que finaliz\\u00f3 #Qatar2022 \\u00bfDebi\\u00f3 anularse o no el gol de Messi?\\n\\n#Uruguay #CopaMundialFIFA #FIFAWorldCup\\n\\nhttps://t.co/GzKmE2ZfGL\""
,"\"Si lo que reclamaban era el t\\u00edtulo de campe\\u00f3n mundial para acreditar a Lionel Messi como el mejor de la historia, pues ya lo tiene. \\n\\n\\u00bfQu\\u00e9 m\\u00e1s excusas van a sacar para reconocerlo?\""
,"\"hay algo que no veo que digan en ning\\u00fan lado y estoy casi seguro de que es as\\u00ed y es que Messi es el jugador que m\\u00e1s minutos jug\\u00f3 en un mismo mundial en toda la historia\""
,"\"Cerruti tild\\u00f3 de \\u201cviejo\\u201d a Messi para saludarlo por ser campe\\u00f3n https://t.co/VroGpm9kPV\""
,"\"\\ud83d\\udd35 ARGENTINA CAMPE\\u00d3N DEL MUNDO:\\nAS\\u00cd FESTEJARON EL T\\u00cdTULO LOS PRINCIPALES REFERENTES SINDICALES\\n\\n\\u25ba M\\u00e1s \\ud83d\\udc47\\n\\n#Campeones #Argentina #Messi #Scaloni #Selecci\\u00f3n #CTA #HugoYasky #CTAaut\\u00f3noma #CachorroGodoy #CGT #H\\u00e9ctorDaer @CGTArgOficial @CTAok @CTAAutonoma  \\nhttps://t.co/1IfvC1pjCF\""
,"\"Miro y miro cosas de la selecci\\u00f3n lloro de tanta alegr\\u00eda esa piel de gallina ver a messi levantar la copa es algo que todo los argentinos quer\\u00edamos te amo selecci\\u00f3n \\ud83d\\ude2d\\u2665\\ufe0f\\ud83c\\udde6\\ud83c\\uddf7\""
,"\"Necesito ya un \\\"Goles en contexto\\\" de Di Mar\\u00eda o Messi\""
,"\"quiero saber que piensan todos los anti messi ahora\""
,"\"Hoy vino messi al stream y se sac\\u00f3 esta selfie con auron\\nLos que digan que es un filtro, son envidiosos https://t.co/Ii6FH3hkLM\""
,"\"Si era una quite\\u00f1a era offside \\n#FIFAWorldCup #Messi\\ud80c\\udcf5 #ArgentinaCampeonDelMundo #ARGFRA #VamosArgentina #Qatar2022 https://t.co/UEynM1O9Eu\""
,"\"C\\u00f3mo chingan con Messi , ya pas\\u00f3 cabrones\""
,"\"Es incre\\u00edble, todavia no caigo que vimos a MESSI LEVANTAR LA COPA DEL MUNDOOOO\""
,"\"entre tanta locura, ansiedad, VAR, y el caos del empate posterior, nadie pudo gritar el tercer gol de Messi... \\ndemencial...\""
,"\"Mejores periodistas y futbolistas del mundo: EL MEJOR MUNDIAL DE LA HISTORIA\\nHaters de Messi (Con un RM en su @): MUNDIAL DE VERG\\u00dcENZA\""
,"\"Yo nunca hab\\u00eda apoyado a Argentina en un mundial hasta este a\\u00f1o, que por que? Bueno, primero me gusta el f\\u00fatbol y se lo que significaba que Messi ganara el \\u00fanico t\\u00edtulo que le faltaba y segundo le\\u00ed de muchos venezolanos que viven all\\u00e1 que los argentinos los tratan de maravilla\""
,"\"Todos los yanquis en tiktok nos apoyan porque diagnosticaron a Messi con autismo JAJAJAJAJA\\nSe gastan solos\""
,"\"Messi logro que aquel ni\\u00f1o se fue a llorar al sill\\u00f3n en 2014 estuviera sonriendo como bobo cuando levantaban la copa\""
,"\"Woke: Descripci\\u00f3n gr\\u00e1fica.\\n\\nMessi en Disney.\\n\\n___\\n* o sea, no es real, no hay una pelicula o serie de Disney en curso, pero as\\u00ed ser\\u00eda, conforme a los mandatos, lineamientos y directrices \\\"woke\\\". https://t.co/KNhoUPePvR\""
,"\"Hasta fin de a\\u00f1o re gede voy estar con las fotos de messi\""
,"\"vi a messi ser campeon del mundo mi vida ya esta completa\""
,"\"GRACIAS @Argentina, Y GRACIAS LIONEL ANDR\\u00c9S MESSI CUCCITINI POR HACERME TAN FELIZ \\ud83c\\udde6\\ud83c\\uddf7\\u2b50\\u2b50\\u2b50 https://t.co/brfrFNRSxZ\""
,"\"Que lindo es saber que hoy, solo hoy el \\u00fanico problema esa saber que foto de Messi poner de fondo de pantalla\""
,"\"Si alguna vez antonela y messi se dejan, ese d\\u00eda dejare de creer en el amor\""
,"\"\\ud83c\\udfc6 LA TERCERA EST\\u00c1 LLEGANDO\\n\\n\\u2b50 Las camisetas con la tercera estrella ya se est\\u00e1n confeccionado \\u00a1Mir\\u00e1 c\\u00f3mo funcionan las m\\u00e1quinas a todo poder!\\n\\n@Argentina #somoscampeonesdelmundo #scaloni #qatar2022 #messi #argentina #argentinacampeondelmundo #mundialqatar2022 https://t.co/V4VETq3NUD\""
,"\"Nunca hab\\u00eda vivido un mundial tan consiente, tan desde el coraz\\u00f3n. Tan lindo fue, no pudo ser de otra manera. Mi \\u00fanico deseo como el de todos era verlo a Messi feliz. Y lo vimos. \\ud83c\\udde6\\ud83c\\uddf7\\u2764\\ufe0f\\u200d\\ud83d\\udd25 te amo Leonel https://t.co/nJJRtoX44Q\""
,"\"@eladiocarry_on es hora de que saques la canci\\u00f3n de Messi con trueno por favorrr\""
,"\"Deja tu la victoria de Messi, Mayos le gan\\u00f3 la serie 3-0 a Naranjeros\""
,"\"Messi tan solo a 9 millones de likes para alcanzar al huevo https://t.co/FLFFnA2jA9\""
,"\"Felicidades Argentina!! \\ud83c\\udfc6\\ud83c\\udfc6Leo Messi el mejor de la historia \\ud83d\\udc10 https://t.co/e7l7xJYONq\""
,"\"Le fui dando like a la publicaci\\u00f3n de Messi desde las 4 cuentas q o no uso o son propias y a medida q lo hac\\u00eda veia que se habian sumado 20k desde mi \\u00faltimo like hac\\u00eda aprox u  minuto DALE QUE LE GANAMOS AL HUEVO\""
,"\"Dibu y messi ko mas grande Cuadro Futbol Messi C/vidrio 30x40 Mundial | LAMOMADECO https://t.co/DPMQgH19P8\""
,"\"Hace 24 horas \\u00e9ramos testigos del mayor acto de justicia deportiva de la historia: Messi, el mejor jugador que el f\\u00fatbol haya presenciado, levantaba ese t\\u00edtulo que le era tan esquivo y nos hac\\u00eda felices a todos. Un momento para la eternidad. Gracias para siempre, capit\\u00e1n.\""
,"\"Uds son muy j\\u00f3venes pero este gobierno en plena pandemia no autoriz\\u00f3 la entrada al pa\\u00eds de 30 respiradores donados por MeSsi.\""
,"\"POR QU\\u00c9 MESSI TIENE LOS PIES TAN LARGOS?\""
,"\"Entre todos los r\\u00e9cords que rompi\\u00f3 Messi en este Mundial, hay uno que creo no se mencion\\u00f3 y es que ayer se convirti\\u00f3, a los 35 a\\u00f1os y 177 d\\u00edas, en el jugador m\\u00e1s veterano en convertir en una final del mundo, superando a Zinedine Zidane (34 a\\u00f1os y 16 d\\u00edas en Alemania 2006) https://t.co/bTWCtWWiV7\""
,"\"Messi con un fan de la tercera edad https://t.co/bmCxKZCT0n\""
,"\"DIOS ES ARGENTINO Y SE LLAMA LEONEL ANDRES MESSI https://t.co/5Kej1JEitE\""
,"\"Scaloni: \\u201cHay que guardarle la 10 a Messi para el pr\\u00f3ximo Mundial\\u201d https://t.co/opNaFeCNvW\""
,"\"Que mas se puede decir gracias por todo capit\\u00e1n!!!\\n#Messi\\ud80c\\udcf5 #SeleccionArgentina @Argentina  @Ieomessiok Gracias equipo. https://t.co/iRVu7Js7A9\""
,"\"La Casa Rosada no es de los gobiernos de turno, sino patrimonio de todos los argentinos, por tal motivo los jugadores deber\\u00edan estar all\\u00ed y los pol\\u00edticos tomarse su dia asueto...  #FIFAWorldCup #Messi\\ud80c\\udcf5 #ArgentinaCampeonDelMundo\""
,"\"Hoy despert\\u00e9 feliz porque se que Messi tiene una copa del mundo\""
,"\"Opino que saquen pal pingo el nombre Kirchner de avenidas, hospitales, calles todo al pingo y le pongamos LEO MESSI \\ud83c\\udde6\\ud83c\\uddf7\\ud83c\\udde6\\ud83c\\uddf7\\ud83c\\udde6\\ud83c\\uddf7\\ud83c\\udde6\\ud83c\\uddf7\\ud83c\\udde6\\ud83c\\uddf7\\ud83c\\udde6\\ud83c\\uddf7\""
,"\"Tarados tengo a MESSI en mi apellido por favor TE AMO LIONEL, MI VIDA ENTERA A TUS PIES\""
,"\"Where is Messi.\\nACA EST\\u00c1 LIONEL ANDR\\u00c9S MESSI SE\\u00d1ORES PORQUE LO SUE\\u00d1OS SE CUMPLEN \\u2728\\ud83c\\udde6\\ud83c\\uddf7 https://t.co/29bqUwE861\""
,"\"Ahora, todav\\u00eda con la piel sensible de tanta emoci\\u00f3n, solo queda cerrar los ojos y descomprimir las tensiones mientras se escucha y se ven las repercusiones de una jornada que se escribi\\u00f3 al instante en los libros de la historia del deporte.\\n\\nhttps://t.co/r1NleEUlnb\""
,"\"cristiano tuvo 10 goles/asistencias en los 5 mundiales que ha jugado \\n\\nmessi tuvo 10 goles/asistencias en este mundial \\n\\npero recu\\u00e9rdense que \\u201ccristiano tiene 6-pack y salta m\\u00e1s alto entonces es mejor\\u201d\""
,"\"Pedidos ya hizo estooo. Y el repartidor es Messi @LionelMessi0K !!! Y el pedido es nada m\\u00e1s ni nada menos que la Copa del Mundo 2022 \\ud83e\\udd7a https://t.co/EYwHJrVzuW\""
,"\"\\ud83d\\udca5\\u00a1Nuevo episodio de El Testarazo!\\ud83d\\udca5\\n\\n1\\u20e3 Reacci\\u00f3n Argentina campeona\\n2\\u20e3 \\ud83d\\udc2b I\\u00f1aki Angulo monta en camello \\n3\\u20e3 Mejores an\\u00e9cdotas Leo Messi\\n4\\u20e3 Mejores an\\u00e9cdotas Juan Benaite\\n\\n\\u27a1\\ufe0f https://t.co/QEzmsdEyTh https://t.co/y6vBQ8mHLp\""
,"\"Los 2 hicieron lo mismo para poder tener una foto con la copa.\\n\\nChuparle la pija a Messi \\ud83d\\ude18 https://t.co/CyEjzb0A47\""
,"\"#Deportes | Messi fue elegido como mejor jugador de la final y del Mundial 2022 \\n\\nAmplia la informaci\\u00f3n\\n\\u25b6https://t.co/DiDO43lHgZ\\n\\n#NoticieroVV #19Dic https://t.co/tfUQ9NLfqz\""
,"\"\\u00a1LOS R\\u00c9CORDS DE MESSI, QUE DEJAN UNA MARCA INDELEBLE EL #QATAR2022!\\n\\nEl capit\\u00e1n argentino, quien logr\\u00f3 el campeonato del Mundo, bati\\u00f3 casi todos r\\u00e9cords con la camiseta de su pa\\u00eds y levant\\u00f3 el trofeo. \\u00a1Mira los detalles!\\n\\n#ESPNQatarEnStarPlus\\n\\nhttps://t.co/Xgl0CxZp1p\""
,"\"\\u00bfQu\\u00e9 pasar\\u00eda si Messi apoya a Amir Nasr-Azadani, el futbolista iran\\u00ed condenado a muerte? https://t.co/MtZX02yarh\""
,"\"La eterna discusi\\u00f3n entre s\\u00ed Messi \\ud83c\\udde6\\ud83c\\uddf7 o Cr7 \\ud83c\\uddf5\\ud83c\\uddf9 qued\\u00f3 resuelta en Catar \\ud83c\\uddf6\\ud83c\\udde6\""
,"\"#FelizLunesATodos\\u2026 #EnPortada de El @heraldodemexico \\ud83d\\udcf0:\\n\\n\\ud83d\\udd35 Argentina campe\\u00f3n: Messi brilla en la final ante Francia\\n\\ud83d\\udd35 Hallaron muerto al actor Andr\\u00e9s Tirado y otras dos personas en la Roma\\n\\ud83d\\udd35la 4T tambi\\u00e9n tiene \\\"Plan B\\\" para el litio\\n\\n\\u27a1https://t.co/M7CkhwKaFQ https://t.co/Y2QdSDDUcB\""
,"\"Yo vi jugar a Leo Messi\""
,"\"Lionel Messi comparte momento emotivo con sus hijos en el campo despu\\u00e9s de ganar la Copa del Mundo #FIFAWorldCup https://t.co/4TtAKBg0aT\""
,"\"ahora resulta que todos tienen a Messi de fondo de pantalla\""
,"\"somos campeones del mundo no lo puedo creer \\ud83d\\ude2d\\ud83d\\ude2d\\ud83d\\ude2d\\ud83d\\ude2d\\ud83d\\ude2d con Messi con 35 a\\u00f1os esto es un sue\\u00f1o bldo \\ud83d\\ude2d\\ud83d\\ude2d\\ud83d\\ude2d\\ud83d\\udc9b\""
,"\"Que bonitos son Messi y Antonella\""
,"\"Saquenle el like as\\u00ed Messi tiene la publicaci\\u00f3n con m\\u00e1s likes de la historia. Por ahora el huevo tiene 56m vs 47m de Messi.\\nhttps://t.co/PvvaQPCtUV\""
,"\"Messi gan\\u00f3 el mundial y RBD vuelve a los escenarios!!! Felicidad absoluta \\ud83d\\udc96\""
,"\"\\u00bfLionel Messi es el m\\u00e1s grande de la historia? El debate eterno toca su fin https://t.co/R3BrfzrLL9\""
,"\"Te compartimos una caricatura de Messi en su versi\\u00f3n de campe\\u00f3n del mundo, dise\\u00f1ada por el caricaturista Ricardo Siri Liniers (@porliniers). https://t.co/aC5NzCZ1sf\""
,"\"Maradroga                              \\\"Amir Nasr-Azadani\\\"     \\\"Alemania 8\\\"                        \\\"Messi con la Copa del Mundo\\\" https://t.co/78aXgP9sHr\""
,"\"Todos los antimadridistas que dicen que nos jode que gane Messi el mundial y que la tenemos muy adentro por todo el da\\u00f1o que nos hizo. Con mi edad he visto 8 champions del Madrid y 5 del Barsa. Creo que la ten\\u00edan muy adentro ellos. Disfruten hombre\""
,"\"Feliz lunes con L de Leonel Andr\\u00e9s Messi Cuccittini proclamado como campe\\u00f3n del mundo con Argentina\""
,"\"Necesito ver a todos esos periodistas anti argentina como hablan despu\\u00e9s de terrible cogida de Messi\""
,"\"Ac\\u00e1 est\\u00e1 #Messi. \\u2b50\\u2b50\\u2b50\\n\\nhttps://t.co/ocAP77JY1u\""
,"\"Huevo: 56M de likes en ig\\nMessi: 47M de likes en ig\\nDALE QUE LO TIENE QUE PASAR\""
,"\"Messi viviendo 100 a\\u00f1os en Espa\\u00f1a: el fulvo e epetacular . Anda pa all\\u00e1 bobo\\n\\nNathy Peluso de paseo: joder que monada me flipa bastante\""
,"\"ACAB\\u00d3 QATAR Y SU COPA, ME ENCANTARON CROACIA Y MARRUECOS, ME DI\\u00d3 MUCH\\u00cdSIMO GUSTO LA VICTORIA DE MESSI DE MAR\\u00cdA, EL DIBU, JULI\\u00c1N, ENZO, Y TODO EL EQUIPO, CLARO EST\\u00c1 Y ARRIBA\\u2728\\ud83c\\udfc6\\u2728\\u26bd\\ufe0f\\u26bd\\ufe0f\\u26bd\\ufe0f\\u26bd\\ufe0f\\ud83c\\udde6\\ud83c\\uddf7CARAJO\\u26bd\\ufe0f\\u26bd\\ufe0f\\u26bd\\ufe0f\\u26bd\\ufe0f\\u00bf C\\u00d3MO NO ? QUEDO AC\\u00c1 MUY FELIZ POR MIS AMIGOS ARGENTINOS\\ud83c\\udf77\\ud83c\\udf1eSA\\ud83c\\udf1eLUD\\ud83c\\udf1e\\ud83c\\udf77\""
,"\"#Qatar2022 Cuadro Futbol Messi C/vidrio 30x40 Mundial | LAMOMADECO https://t.co/DPMQgGK6N8\""
,"\"dia jodido messi tiene novia \\ud83d\\udc94\""
,"\"Digan lo que digan , Messi es mas Grande que Cristiano , punto final .\""
,"\"Lionel Messi no se retira de Argentina y busca darle m\\u00e1s alegr\\u00edas a su pa\\u00eds: \\u201cQuiero honrar el t\\u00edtulo de campe\\u00f3n del mundo\\u201d https://t.co/uS4tJfo6pL\""
,"\"Los emotivos mensajes de Antonela Roccuzzo para Lionel Messi: \\u201c\\u00a1Mi campe\\u00f3n! Nosotros sabemos lo que sufriste tantos a\\u00f1os\\u201d https://t.co/lRyoUwtOOw\""
,"\"Messi es lo que necesita la argentina un tipo familiero un tipo que se hizo con puro esfuerzo desde lo mas bajo salud messi\""
,"\"auron entrevistando a messi, no me lo creo \\ud83d\\ude0d https://t.co/yQTNfXW5B0\""
,"\"El debate de que Messi es el mejor de la historia tendr\\u00eda que haberse cerrado en 2010 ahora por fin se acabaron las excusas\""
,"\"La propaganda de TyC de Messi levantando la copa y los festejos con Jijiji de fondo \\ud83d\\ude4c\\ud83c\\udffb\\ud83d\\ude4c\\ud83c\\udffb\""
,"\"Lo de Messi agradeci\\u00e9ndole a Dios todo lo que ha conseguido y el jugador que es, me llena el alma.\""
,"\"Ayyyyyy diosss Alberto y la concha de tu hermanastra tambi\\u00e9n, diste feriado por la sanjuda de Cristina y no vas a dar feriado por la selecci\\u00f3n y por Messi. Perdiste la pr\\u00f3xima elecci\\u00f3n con lo que hiciste\""
,"\"@germain1984 lo que te ha garchado Messi\""
,"\"Ash Ketchum campe\\u00f3n por primera vez, Aucas campe\\u00f3n por primera vez, Messi campe\\u00f3n por primera vez. Y tu mi amor? Cuando me dejas campeonar... \\u2764\\ufe0f\""
,"\"cualquier persona que tuviera la posibilidad de ayudar a que messi levante la del mundo entrar\\u00eda en la locura que demostr\\u00f3 este se\\u00f1or en cada partido  https://t.co/Q20NBLlh2a\""
,"\"Maradona en 1990 y 1994\\\" la mafia  de la fifa havelange y grondona Traidor nos quitaron el sue\\u00f1o de volver campeon a Argentina\\\",que pensar\\u00eda el Gran Genio del F\\u00fatbol,si esa misma mafia Infabtino,Qatar... Hizo campeon a Messi m\\u00e1s que Argentina...\""
,"\"messi llego a los 400m de seguidores y la foto campiona tiene 47m saquenle el mg al huevo asi rompe r\\u00e9cord dale la vida por el gordo\""
,"\"\\ud83d\\udd34 Noticia a trav\\u00e9s de @fusernews_\\ud83d\\udd34\\n\\nMessi continuar\\u00e1 su idilio con la Selecci\\u00f3n Argentina \\n\\nLeer mas: \\ud83d\\udc47\\nhttps://t.co/lA7T0C0w2o\""
,"\"y as\\u00ed fue como v\\u00ed a Messi levantar la copa del mundo ni\\u00f1os https://t.co/U3D33FNTIs\""
,"\"empez\\u00f3 siendo un a\\u00f1o de mierda y termino siendo alto a\\u00f1o te amo messi\""
,"\"Salir campe\\u00f3n del mundo ver a Messi con la copa, y todos los brazucas que nos chupen las pelotaas\\ud83c\\udfb5\\ud83c\\udde6\\ud83c\\uddf7\""
,"\"\\ud83c\\udfc5GOLDMEDAL\\ud83c\\udde7\\ud83c\\uddedQATAR22 \\u2708\\ufe0fEs\\u261dimpresionante pensar en lo de ayer\\u2b50\\u2b50\\u2b50Todo un equipo\\ud83c\\udde6\\ud83c\\uddf7que demostr\\u00f3 El toque de #Los8deAmerica \\ud83c\\udf89 \\u2705Dibu, DePaul, Messi, Tagliafico, Paredes, Alvarez, Maclister,DiMaria que ayer fue el1\\ufe0f\\u20e31\\ufe0f\\u20e3Andy de Oliver\\ud83d\\udd1f #Qatar2022 #PrinceofQatar THNKS\\ud83d\\udd1f @NBCUniverso https://t.co/5u9wWLnYp0\""
,"\"Auron llamando a messi, lo de este tio es increible https://t.co/vSMaJFyZs6\""
,"\"De a poco me va cayendo la ficha de lo que logramos y es imposible no llorar. No puedo creerlo, so\\u00f1\\u00e9 toda la vida con ver a Argentina y a Messi levantar la copa del mundo y sucedi\\u00f3. Gracias a la vida por dejarme vivir esto.\""
,"\"acabo de escuchar d\\u00eda de enero de shakira y pens\\u00e9 en messi y me largu\\u00e9 a llorar jjajajs argentino promedio be like\""
,"\"Messi est\\u00e1 en el ocaso de su carrera futbol\\u00edstica, pero todav\\u00eda tiene mucho que dar. Quer\\u00eda cerrar con broche de oro y lo logro junto a un gran equipo. Para lograrlo venci\\u00f3 a Mbappe que a su corta edad ya es una leyenda y el futuro del f\\u00fatbol. Los dos tienen grandes m\\u00e9ritos.\""
,"\"Leo Messi, el nombre relacionado con no rendirse jam\\u00e1s, gracias hombre por no abandonarnos, gracias por la 3ra, por la copa america, el f\\u00fatbol da revancha siempre, hoy te toco a vos, llor\\u00e9 una locura, verte feliz es algo que no tiene precio, gracias de verdad \\u2764\\ufe0f\\ud83c\\udde6\\ud83c\\uddf7\""
,"\"\\u00bfQui\\u00e9n dijo que Mario Gotze no pod\\u00eda festejar ver a #Messi Campe\\u00f3n del Mundo?\\n\\n\\ud83d\\udc4f Con mucho respeto y altura, el alem\\u00e1n redimi\\u00f3 ayer por lo menos un poco del dolor que le caus\\u00f3 al pueblo argentino all\\u00e1 por el 2014.\\n\\n\\ud83d\\udcf9IG: mariogotze https://t.co/KZ097O04ly\""
,"\"@C5N SI NO ME EQUIVOC\\u00d3 MESSI NACIO EN 1986 HACE 36 A\\u00d1OS\""
,"\"Top 10 mejores jugadores del mundial para Argentina:\\n1_Messi\\n2_Dibu Martinez \\n3_Otamendi\\n4_Enzo Fern\\u00e1ndez \\n5_Julian Alvarez\\n6_McAllister\\n7_Molina\\n8_Acu\\u00f1a\\n9_Di Maria\\n10_Montiel\""
,"\"Gabarito:\\nT\\u00e9cnico: Walid Regragui\\nTime: Livakovic, Hakimi, Gvardiol, Upamecano, Theo Hern\\u00e1ndez, Enzo Fern\\u00e1ndez, Messi, Griezmann, Modric, Mbapp\\u00e9 e Giroud https://t.co/qJzLtFdgCT\""
,"\"Foto con Messi jajajaa https://t.co/kniDLULZsg\""
,"\"@alferdez Decreta Feriado nacional, dale. Que esto no lo voy a volver a vivir en la vida. Quiero verlo a Messi en el obelisco. No quiero perd\\u00e9rmelo por pobre esclava trabajadora. Si Arabia declar\\u00f3 feriado por habernos ganado vos tenes que decretar m\\u00ednimo el d\\u00eda de ma\\u00f1ana. DALEEE\""
,"\"ya messi tiene su copa, pero cuando te tengo yo a ti\""
,"\"'78 - La mano del diablo\\n'86 - La mano de Dios\\n'90 - La mano de arriba\\n'22 - La mano del diez \\ud83e\\udd1a\\n\\n#DibuMartinez #ArgentinaCampeonDelMundo #3x1 #leomessi #Messi #Diez\""
,"\"Buenos d\\u00edas, Messi es campe\\u00f3n del mundo\""
,"\"Mi tl futbolera es muy graciosa, el Messi vs. CR7 es el Britney vs. CRistina Aguilera de ellos...\\n\\nYa basta chicos, todas son reinas, todos son reyes \\ud83d\\ude05\""
,"\"Ya ganamos la tercera con messi\\nCuadro Futbol Messi C/vidrio 30x40 Mundial | LAMOMADECO https://t.co/DPMQgGJyXA\""
,"\"La promo 22 vi\\u00f3 a Messi campe\\u00f3n del mundo, podr\\u00e1n?\""
,"\"Ayer vivimos la emoci\\u00f3n de la final de #Mundial de #Qatar, y #Messi tuvo un hermoso gesto con Antonia Far\\u00edas, una cocinera muy especial. \\u2728\\ud83d\\udc4f\\ud83c\\udffb\\n\\nhttps://t.co/AZIMZNuoeh\""
,"\"Nadie:\\nDe paoli:\\\" de la tierra de kempes, maradona y messi\\\"\""
,"\"vi a river ganar 2 libertadores y una contra su rival, y ahora v\\u00ed a mi selecci\\u00f3n ganar la del mundo con Messi, q m\\u00e1s le puedo pedir q la vida m puedo morir en paz ya!!!!!\""
,"\"INVOCO A TODAS LAS KPOPERS DEL MUNDO QUE ESTAN ACOSTUMBRADAS A ROMPER RECORDS Y TENER CREADAS 50 CUENTAS DE CADA PLATAFORMA PARA QUE LE DEN SU LIKE A ESTA FOTO DE MESSI ASI SUPERA AL HUEVO INFAME\\nhttps://t.co/9dYgYNcyuS\""
,"\"Terminaron las c\\u00e1tedras de Mbappe, Messi, Fideo y Griezman hora de volver a mirar al toluquita con su horario de mierda vs Juarez.\""
,"\"\\ud83d\\udde3\\ufe0fLa prensa alrededor del mundo rendida ante #Messi\\ud80c\\udcf5 y #ARG \\ud83d\\udd25\\n\\n\\ud83d\\udde3\\ufe0fDe todas las partes inundaron de elogios al mejor jugador de la historia \\ud83d\\udca5\\n\\n\\ud83e\\uddf5Todo lo que dijeron lo pueden ver en el link de este hilo\\u2026 \\ud83d\\udc47 https://t.co/KIFTlcKgW8\""
,"\"Para los periodistas espa\\u00f1oles que le tiraban mala leche a Messi en este mundial LE PUEDEN COMER LOS 2 HUEVOS LA CONCHA DE SU MADRE https://t.co/zbAsEZSin5\""
,"\"Messi solo puede ser comparado con Pel\\u00e9 y Maradona. Nadie m\\u00e1s\""
,"\"para vos bianchi que en 3er a\\u00f1o te pasaste la primer hora explic\\u00e1ndonos el porqu\\u00e9 Messi no siente la camiseta y es m\\u00e1s europeo que argentino\""
,"\"Messi te voy a amar toda la vida entera\""
,"\"yo???le saque el mg al huevo m\\u00e1s likeado en ig para q sea messi ahora\""
,"\"al fin y al cabo me alegro por messi\""
,"\"Me quema , me lastima ver a Messi campe\\u00f3n lo juro pero no le quito m\\u00e9rito bien merecido !!\""
,"\"Empezamos el mundial 2022 gritando un gol de Lionel Andres Messi y el ultimo tambien. El mejor de todos los tiempos y el que quiera debatir que me chupe la pija\""
,"\"El y La Copa Del Mundo....\\ud83c\\udde6\\ud83c\\uddf7\\u26bd\\ud83c\\udfc6\\u2764\\ufe0f\\ud83d\\ude0d\\ud83d\\ude0a Te Amo Tanto y Tanto Messi . https://t.co/sDq8S1k3kf\""
,"\"Con esta im\\u00e1gen se acaban los debates.\\n\\nEl f\\u00fatbol tiene nombre y apellido: Lionel Messi. https://t.co/fTfRYWfZPc\""
,"\"#Qatar2022\\n\\nFelicito a #Messi por el t\\u00edtulo mundial 2022, no a Argentina\\n\\nA #Messi por toda la magia que le ha dado al f\\u00fatbol.\\n\\nLos que jugamos f\\u00fatbol en posiciones ofensivas  sabemos que lo que \\u00e9l hace es de otro planeta.\\n\\nPor eso.\\n\\nAbrazos, L\\u00edo. https://t.co/vejKCO7prG\""
,"\"La Anita a principio de a\\u00f1o lo predijo. Ella dijo que este a\\u00f1o se jubilaba y que ve\\u00eda a Messi levantar la copa del mundo \\ud83e\\udd79\\ud83d\\udc98\""
,"\"Que sexual fue el \\\"messi la levanta para dimaria\\\"\""
,"\"Me encanta Twitter porque leo lo que suben los franceses, los anti Messi,los que nos llaman hip\\u00f3critas, los conocidos, amigos, en fin, los dolidos, y me hierve la sangre al leerlos, y les responder\\u00eda a todos, pero para que? Si esta copa la volvi\\u00f3 a ganar PAPAAAAAA\\ud83d\\ude18\""
,"\"Los anti Messi siguen llorando porque se quedaron sin argumentos para decir que no es el mejor de la historia del f\\u00fatbol.\""
,"\"Que Felicidad DIOSS MIO Como nos alegraste el dia y la vida a todos sin dudas sos el mejor jugador del mundo te admiro tantoo mi amoor como TE AMOO MESSI \\ud83d\\ude0d\\ud83d\\ude0d\\ud83d\\ude0d\\ud83d\\ude0d\\ud83d\\ude0d\\ud83d\\udc99\\ud83d\\udc99\\ud83d\\udc99\\ud83d\\udc99\\ud83d\\ude4c\\ud83d\\ude4c\\ud83d\\ude4c\\ud83d\\ude4c @afa @Argentina https://t.co/VHxl0VLil6\""
,"\"Para los que se perdieron el stream de @auronplay hoy vino Messi \\n#auron https://t.co/IZ21ur2Yoj\""
,"\"amigo, como messi no va a ser LA CABRA, si tenes algo de cari\\u00f1o x este deporte lo reconoc\\u00e9s y listo, no pasa nada\""
,"\"SO\\u00d1\\u00c9 CON MESSI, LA LOCURA ES TOTAL\""
,"\"Messi es el mejor del mundo pero tuvo que ganar la copa del mundo tambien asi un par aprender a cerrar la cola\""
,"\"Para Messi la Copa del Mundo es un regalo de Dios https://t.co/nJF7XbQS50 via @aciprensa\""
,"\"Maladroga INRIP.\\nMessi te super\\u00f3 en todos los n\\u00fameros, te destroz\\u00f3!!!\\nPero por sobre todas las cosas, fuiste un soberbio drog\\u00f3n, un narcisista que te cre\\u00edste lo de dios. Un eg\\u00f3latra, un pobre tipo con guita. \\nMessi, es un ejemplo de ser humano, dentro y fuera de la cancha.\""
,"\"Vamos carajo \\ud83c\\udde6\\ud83c\\uddf7\\n\\n#Messi #Maradona #Argentina #Seleccion #mundial #futbol #goat #pimpa #communism #xenoleft #memes #memeita #leftistmemes https://t.co/TRLFS8uNmW\""
,"\"El diego fue un fen\\u00f3meno, crack total... pero Messi con esto se convirti\\u00f3 en el mejor de todos los tiempos, superando a maradona y pele... Messi es la leyenda del f\\u00fatbol mundial, y para mi va a ser un orgullo contarle a mis nietos que pude verlo jugar y ganar la copa del mundo.\""
,"\"Al final Messi no nos dej\\u00f3 tirados \\ud83d\\ude22\""
,"\"Hoy es un buen d\\u00eda para que todos los que criticaron a Messi hagan fila para chuparle los dos huevos.\""
,"\"Pint\\u00e9 este retrato de Lionel Messi, en su homenaje, \\u00f3leo sobre lienzo.\\ud83c\\udfa8\\n#Messi\\ud80c\\udcf5 #messi #LionelMessi\\ud80c\\udcf5 #arte #talento #ArgentinaCampeonDelMundo #art #pintor #pintura #oleo #ColombiaPotenciaMundialDeLaVida #art #argentina #pintorcolombiano. #artista #dibujos #hiperrealismo https://t.co/Isl2Wt2cvH\""
,"\"Pensaron en algo?? Messi va a ganar su octavo balon de oro..\\ud83e\\udd2d https://t.co/rTmDd4KL7F\""
,"\"gracias argentina y gracias Messi por hacerme la persona m\\u00e1s feliz del mundo por lo que queda de mi vida\""
,"\"Messi si sos tan bueno tenes q ganar l libertadores\""
,"\"\\u25b7\\ud83d\\udcfa VIDEO: Por esta raz\\u00f3n Messi fue vestido con una \\\"capa\\\" previo a levantar la Copa del Mundo. El Universal. #Messi https://t.co/1KVVpX5WJ5\""
,"\"La \\u00fanica izquierda que funciona y crea riqueza es la Messi.\""
,"\"Todav\\u00eda no caigo que v\\u00ed a Messi ser campe\\u00f3n mundial, lo v\\u00ed levantar la copa del mundo \\ud83d\\ude2d\\ud83d\\ude2d\\ud83d\\ude2d\\u2764\\ufe0f\""
,"\"No entiendo c\\u00f3mo hay gente que sigue dudando de Messi y de su actuaci\\u00f3n en el mundial, eso ya es estar cegados por el odio\""
,"\"Gracias Messi https://t.co/MLUhxruiUM\""
,"\"loco q ganas de subir 1000000000 fotos de messi con la copa\""
,"\"C\\u00f3mo que la proyecci\\u00f3n jefe, botese alv \\nYa lo vemos en enero, voy a ver tiktoks de messi\""
,"\"No me canso de ver el video donde Messi lleva la copa\\ud83d\\ude3b\\ud83d\\ude2d\""
,"\"Mbappe cuando vea a Messi en el vestuario del PSG en unos d\\u00edas https://t.co/H0KcfE5U8L\""
,"\"Las cosas se analizan con seriedad, y no en forma obsecada y fan\\u00e1tica. Vamos por partes. 1- Penal cobrado ante Arabia Saudita. Confirmado por VAR, que adem\\u00e1s anul\\u00f3 tres goles a Argentina por posici\\u00f3n prohibida. 2- Penal frente a Polonia. El m\\u00e1s dudoso, y fallado por Messi.\\ud83d\\udc47\""
,"\"No logr\\u00e9 conquistarla, pero vi a Messi ser campe\\u00f3n del mundo \\ud83d\\udc99\""
,"\"Messi llego a los 400M en IG \\ud83d\\ude2e\\u200d\\ud83d\\udca8 https://t.co/tThAvZnTpF\""
,"\"#ArgentinaCampe\\u00f3nDelMundo | Messi evoc\\u00f3 a Maradona en la previa a la consagraci\\u00f3n de Argentina en #Qatar2022\\n\\nhttps://t.co/WlZFrZ6RJO\""
,"\"Los mejores en su disciplina \\ud83d\\udc10\\ud83d\\udc10\\ud83d\\udc10\\n\\n\\ud83d\\udd1d Mira quienes han sido los deportistas m\\u00e1s dominantes en su deporte \\ud83d\\udc40\\ud83d\\udc47\\n\\n#Messi\\ud80c\\udcf5 #Messi #GOAT\\ud80c\\udcf5 #LionelMessi\\ud80c\\udcf5 #TomBrady #Jordan \\n\\nhttps://t.co/NNAWkmEmZc\""
,"\"No puede ser, pero Change de Taylor Swift fue escrita para Messi y la selecci\\u00f3n. Fin\""
,"\"2 grandes familles #Messi\\ud80c\\udcf5 #Kevindebruyne #KDB https://t.co/nJBwGAMgmJ\""
,"\"mi viejo no me quiere llevar al obelisco ma\\u00f1ana pero claaro, el ya fue a un mundial, vivi\\u00f3 las 3 veces q argentina salio campe\\u00f3n, y, vi\\u00f3 a messi y a maradona en vivo, q mierda le va a importar ir al obelisco\""
,"\"No me va a alcanzar la memoria para tantas fotos y videos de Messi y la Selecci\\u00f3n Campe\\u00f3n del Mundoooo \\ud83e\\udd2f\\ud83c\\udde6\\ud83c\\uddf7\\ud83c\\udde6\\ud83c\\uddf7\\ud83c\\udde6\\ud83c\\uddf7\\ud83c\\udfc6\""
,"\"\\\"Messi se lo merece. En cuanto a actuaciones individuales en un campeonato, nunca he visto a un futbolista jugar con tanta regularidad como a este chico. Hay que tener en cuenta que nunca ha jugado para clubs que me hagan mucha gracia, algo que comprueba que lo digo en serio\\u201d https://t.co/l3xKTnXnix\""
,"\"messi se platino el f\\u00fatbol\""
,"\"jajsjsjsj todos los argentinos d\\u00e1ndole dislike a la foto del huevo para que la de Messi con la copa sea la m\\u00e1s likeada es genial\""
,"\"Los Anti Messi cuando se dan cuenta que ya no tienen otra camiseta que ponerse. https://t.co/MXMmZPWYZ1\""
,"\"OFICIALMENTE MESSI ES EL MEJOR JUAGADOR DE LA HISTORIA SIN DISCUSI\\u00d3N.\""
,"\"Listo, ya lo vi todo. Solo necesitaba un video de Messi con la copa en la mano cantando \\u201cY no me importa lo que digan esos put0s periodistas, la put@ que los pari\\u00f3\\u201d \\ud83d\\udc99\\ud83c\\udde6\\ud83c\\uddf7\\ud83c\\udfc6https://t.co/QtfZ20I98w\""
,"\"ABRO DEBATE SOBRE EL MEJOR\\n#FIFAWorldCup #SeleccionArgentina #Qatar #MundialDiferente #Messi\\ud80c\\udcf5 #Qatar2022 #ArgentinaCampeonDelMundo #Mbappe #CR7\\ud80c\\udcf5 #Messi https://t.co/Oy2hQqaJax\""
,"\"Messi no es Maradona, gracias a Dios es as\\u00ed. Yo pienso que Messi ha logrado, hasta ahora, borrar la mala imagen que le di\\u00f3 Maradona al f\\u00fatbol argentino. No se debe tratar el tema de Messi con sesgo o mesquindad.\""
,"\"disculpen me paso por aqu\\u00ed para decir solo 1cosa\\nviva argentina y viva messi \\nun saludo\""
,"\"Messi levantando la copita \\ud83e\\udd7a https://t.co/4hAgRN5C3O\""
,"\"La foto mas votada de la historia de Instagram? Campa\\u00f1a para superar los 56.2m de likes del huevo \\ud83d\\udcaa\\ud83c\\udffc\\nVamos Messi! \\ud83c\\udf89\\ud83c\\udde6\\ud83c\\uddf7 https://t.co/xrG4EPeUeF\""
,"\"Messi sac\\u00e1ndole fotos a Antonela\\u2764\\ufe0f\\u200d\\ud83d\\udd25 y Scaloni yendo casi autom\\u00e1ticamente a buscar a los hijos a la tribuna \\ud83d\\udc4f\\ud83c\\udffe. Dejaron la vara en la estratosfera  \\u2714\\ufe0f\""
,"\"volvi\\u00f3 a escribir al respecto tras el esc\\u00e1ndalo con Messi https://t.co/vTjBhUPhtd #Argentina #Tucum\\u00e1n\""
,"\"Se est\\u00e1n durmiendo los Concejales de Salta! Cuanto falta para que ingresen un proyecto de ordenanza designando o renombrando una avenida\\u2026 Lionel Messi? Dibu Martinez? Pasaje Papu Gomez? Rotonda Kun Aguero? Plaza De Paul? Circunvalaci\\u00f3n Di Maria? Parque Scaloni?  Cerro Otamendi?\""
,"\"\\ud83d\\udfe0  volvi\\u00f3 a escribir al respecto tras el esc\\u00e1ndalo con Messi https://t.co/x9lBLDiNm1\""
,"\"habr\\u00e9 puteado a todos los pa\\u00edses del mundo, a cada jugador extrajero, pero nunca a messi\""
,"\"Gracias Messi, te amo \\u2764\\ufe0f\\n18/12/\\u267e\\ufe0f\""
,"\"EL MEJOR CAPIT\\u00c1N EN LOS PERI\\u00d3DICOS AMERICANOS \\nMessi, Argentina y el final de una compleja relaci\\u00f3n https://t.co/665Y8Qgdx8\""
,"\"Feliz de siempre haber dicho que Messi era el mejor jugador de la historia.\""
,"\"A mi no me gusta el f\\u00fatbol ni nada, pero debe de sentirse tan brutal que muchos de los jugadores de Argentina crecieron viendo a Messi y ahora, lo ayudaron a ganar el mundial\\ud83e\\udd7a que cute\""
,"\"Messi esta a 9 millones de me gusta de tener la foto m\\u00e1s likeada de la historia, saquenle el mg a la foto del huevo https://t.co/U4EmlYyTKT\""
,"\"La foto de Messi con la Copa del Mundo est\\u00e1 cerca de los 50M de likes, vamos por ti huevo est\\u00fapido \\ud83d\\ude24\""
,"\"Ya vi 1000 veces la atajada del dibu y en todas me agarro escalofrios de solo imaginarme otro escenario con messi llorando\""
,"\"Lionel Messi. El \\u00fanico ser humano en ganar un Mundial, la Copa Am\\u00e9rica, los Juegos Ol\\u00edmpicos, la Champions League, el Mundial de Clubes y el Bal\\u00f3n de Oro. https://t.co/uo3ZAMoWRx\""
,"\"No paro de ver cosas de la selecci\\u00f3n y de Messi y es inevitable que se me ponga la piel de gallina y en emocione\\ud83e\\udd79\""
,"\"a messi y a maradona jajajaj, pa\\u00eds pijudo si los hay\""
,"\"Ayer estaba escuchando un podcast y dice el cuatio: \\\"Lo de Messi no es para compararle con Maradona o Pel\\u00e9. Lo de Messi es para compararle con Eistein o Mozart\\\".\""
,"\"El saludo que pocos vieron, Messi y Mbappe... https://t.co/T6IVgVA1HO\""
,"\"Creo que nunca m\\u00e1s voy a enamorarme xq ahora solo quiero ser mujer de Messi\""
,"\"Hay gente que de verdad piensa que no es debatible decir que el m\\u00e1ximo goleador de la historia del f\\u00fatbol puede ser el GOAT. \\nQue me parece muy bien si prefieres a Messi u otro, pero no seas imb\\u00e9cil al menos.\""
,"\"Lo que los argentinos no sospechan es que en toda la campa\\u00f1a chiringuitera  madridista contra Messi tambi\\u00e9n existe un componente de catalanofobia. Ustedes no lo entender\\u00edan.\""
,"\"Marcao Mbappe Messi Jake Gyllenhaal Operaci\\u00f3n Triunfo Amir Nasr Epic Games Copa Mundial de la FIFA Kolo Muani Pel\\u00e9 De Paul Camavinga Teresa Rodr\\u00edguez Twin Melody \\nhttps://t.co/UYAGtbOU0Z\""
,"\"Messi posterga su retiro de la selecci\\u00f3n albiceleste\\n\\n#NavidadTiempoDePaz\\n\\nhttps://t.co/u1GewYP3tR https://t.co/WvyNH2qRvs\""
,"\"Messi es ahora la 2da persona m\\u00e1s seguida en ig. Que supere a Ronaldo por favor.\""
,"\"Maradona fue t\\u00e9cnicamente inferior a Messi en casi todas las m\\u00e9tricas. Los n\\u00fameros est\\u00e1n ah\\u00ed. S\\u00f3lo fue m\\u00e1s oportuno y carism\\u00e1tico. \\n\\nA\\u00fan as\\u00ed es top 5 hist\\u00f3rico mundial.\""
,"\"Todos los del @FCBarcelona_es que celebran que Messi ha ganado un mundial, recuerdan que se fu\\u00e9 gratis?\""
,"\"El Nus Ret que le vende a gente boba $1500 por un pedazo de carne, estuvo 15 min. detr\\u00e1s de Messi jalandolo del brazo pa\\u2019 una foto. Le quit\\u00f3 la copa a todos los jugadores para besarla, que por tradici\\u00f3n est\\u00e1 prohibido. Todos lo miraban raro..\\n\\nLa dignidad sali\\u00f3 del chat. https://t.co/qBkLDZ2kp0\""
