,"\"Parafantastico \\n\\u26a1\\ufe0f\\u2694\\ufe0f\\u26a1\\ufe0f\\n\\nLa VERDAD Oculta De MESSI y La Capa NEGRA (ReSubido) \\n\\nhttps://t.co/3ypFVuBqbe https://t.co/7oieahlqdC\""
,"\"podemos hablar de que carajo es esa BATA que le pusieron a Messi ayer????\""
,"\"SISI YA SE QUE T\\u00da MESSI GAN\\u00d3 EL \\nMUNDIAL,PERO TRANQUIL\\u00cdZATE NI\\u00d1O QUE ESO NO LO HACE EL MEJOR JUGADOR DEL MUNDO\\u26bd\\ufe0f\\ud83d\\ude02\\ud83d\\udd25\""
,"\"Estrellas de Hollywood, deportistas y presidentes, felices por Messi y Argentina https://t.co/gigPmMPanp\""
,"\"quiero q alguien me quiera tanto como kun a Messi\""
,"\"La carita de Messi recibiendo y mirando la copa deber\\u00edamos tatuarnosla todos los argentinos \\ud83c\\udfc6\\ud83c\\udde6\\ud83c\\uddf7 #FIFAWorldCup #Messi\\ud80c\\udcf5 #ArgentinaCampeonDelMundo\""
,"\"Parce\\u2026 estoy hasta la puta madre de Messi, a lo bien superen\""
,"\"Otro gol de Messi, t\\u00fa eres mi Antonella. \\ud83d\\udcab\""
,"\"CHICOS MESSI SE ABRAZA CON LA COCINERA NO CON LA MADRE\""
,"\"Mi pap\\u00e1 y yo lloramos como unos ni\\u00f1os apenas nos vimos y mi mam\\u00e1 tipo???y nosotros tipo no lo entender\\u00edas Messi lo merec\\u00eda demasiado\""
,"\"s\\u00e1quenle su mg a la foto del huevo de ig asi Messi tiene la foto con mas likes\""
,"\"no hay cosa m\\u00e1s hermosa que levantarse y ver a Messi con la del mundo\""
,"\"Creo que debemos empezar la campa\\u00f1a #FestejoEnElBalc\\u00f3nDeLaRosada porque all\\u00ed debiera ir la selecci\\u00f3n a celebrar, porque la Plaza de Mayo es el lugar del pueblo y el balc\\u00f3n de Maradona hoy debe ser el de Messi. Nos quieren robar la alegr\\u00eda\""
,"\"Vino mi jefe a preguntarme c\\u00f3mo me estaba yendo con lo que estaba laburando y yo estaba mirando un video que se llama \\u201cAs\\u00ed narr\\u00f3 el mundo el hist\\u00f3rico t\\u00edtulo de Messi ante Francia\\u201d por suerte se labura mucho en Argentina hoy\""
,"\"Otro gol de Messi, t\\u00fa eres mi Antonela\""
,"\"Madridistas ofendiditos porque un fan ha llamado a camavinga carapinga, cuando se han pasado la vida llamando enano cliclado a Messi\""
,"\"No puedo dejar de ver cosas de la selecci\\u00f3n, de Messi y de la copa. Que momento para estar vivo y para ser Argentina. \\ud83c\\udde6\\ud83c\\uddf7\\u2b50\\u2b50\\u2b50\\ud83e\\udec2\""
,"\"[EL RETORNO DEL REY] \\u26bd\\ufe0f \\u00bfVuelve Messi a Newells?https://t.co/PxLdVXwmTu\""
,"\"si messi est\\u00e1 feliz la rep\\u00fablica argentina esta feliz\""
,"\"Yo cuando messi meti\\u00f3 el 3ro y no sab\\u00eda si val\\u00eda o no https://t.co/pdhjOISWxn\""
,"\"Bueno ahora que Messi gano el mundial , puedo buscar novia o mejor espero al final del pr\\u00f3ximo mundial\""
,"\"Messi y compa\\u00f1\\u00eda le piden elegantemente a Scaloni que renueve con Argentina: \\\"Firma el contrato, la p... que te pari\\u00f3\\\" https://t.co/fAoz6dIxZA https://t.co/fKdFrYps90\""
,"\"La copa que gan\\u00f3 Messi / La copa que gan\\u00f3 mi t\\u00edo en el futbol llanero https://t.co/ThVpZssv89\""
,"\"En TikTok ahora me sale puro Messi \\ud83e\\udd70\""
,"\"Mira esto... \\ud83d\\udc40\\n https://t.co/OI4LIOHmFC via @pinterest #ARGENTINA #AFA #MESSI #MAFIAFIFA #FIFAMAFIA #CARTELDELGOL #GDL https://t.co/i4wPTqebuy\""
,"\"A veces pienso que el Real Madrid se foll\\u00f3 vivos a Mbappe y a Messi en el Bernabeu hace unos meses y se me ponen los pelos de punta. Hat trick de Karim. Alaba con una silla en las manos. Modric pegando una clase de futbol. Tremendo lo de la \\u00faltima Copa de Europa.\""
,"\"Para una pelicula del mundial, quien quieren que interprete a Messi?\""
,"\"pos @krispykreme hizo una dona en honor a mejico y no ha messi \\ud83e\\udd23 https://t.co/LJUm3tZ2aa\""
,"\"lo malo que ven\\u00eda siendo este a\\u00f1o y termin\\u00e9 recibi\\u00e9ndome y viendo a Messi levantar la copa del mundo\""
,"\"Lionel Messi recibi\\u00f3 una capa del Emir Tamim bin Hamad antes de levantar la copa. \\ud83c\\udfc6\\n\\nhttps://t.co/hjm4ng0xY4\""
,"\"Superar\\u00e1 Messi a la foto del huevo?\""
,"\"Lo bonito del fin del debate entre Messi y Ronaldo es que ahora la nueva generaci\\u00f3n con Mbapp\\u00e9, Haaland y Vinicius en ataque, Gavi, Pedri, Musiala y Bellingham en mediocampo es que lo podr\\u00e1s disfrutar sin buscar compararlo al menos en mi perspectiva y percepci\\u00f3n.\""
,"\"Loco, los dise\\u00f1os que salieron de Messi son \\u00c9PICOS \\u2728\\ud83d\\ude0d\\ud83d\\udd25\""
,"\"Yo a\\u00fan no puedo creer como es que Messi no estuvo ni en los 30 mejores jugadores del mundo \\ud83e\\udd10\\ud83e\\udd10\\ud83e\\udd10\\ud83e\\udd10\\ud83e\\udd10\""
,"\"Messi \\u00e9 un mago que xogaao futbol coa xenialidade ceibe coa que Chaplin actuaba en 'O gran dictador\\\". M\\u00e1goa que non dixera nada do r\\u00e9xime infame de Qatar e da condea a morte do xogador iran\\u00ed Azadani na loita pola liberdade.\""
,"\"Nunca la pas\\u00e9 tan bien con un spameo c\\u00f3mo con todo lo que tenga que ver con lo de ayer. 60 personas suben el mismo video de Messi? Lo miro las 60 veces y las 60 veces soy feliz. Gracias Argentina.\""
,"\"Todo el que le dedica twitts a messi tienen claro que \\u00e9l no los ve ?!!!intensos \\ud83d\\ude42\""
,"\"Que lindo es vivir el campeonato mundial as\\u00ed esto mi abuelo y mi viejo ya lo vivi\\u00f3 con el gran Diego Armando Maradona y yo con mi hijo la vivo hoy con el rey del f\\u00fatbol mundial Lionel Andr\\u00e9s Messi ahora el mundo es un poco m\\u00e1s justo gracias selecci\\u00f3n! \\ud83c\\udfc6\\ud83c\\udde6\\ud83c\\uddf7\\u26bd\""
,"\"Con la cabeza de Messi bien adentro rumbo a francia, tortuga trola https://t.co/Bnleaam8An\""
,"\"Messi se dio vuelta el juego del f\\u00fatbol\""
,"\"Y de la mano de Leo Messi https://t.co/2KHs1vD5AZ\""
,"\"Peque\\u00f1o recordatorio, Messi es campe\\u00f3n del mundo.\\n\\nFeliz Lunes! \\ud83c\\udde6\\ud83c\\uddf7\\n\\n#FIFAWorldCup #Messi\\ud80c\\udcf5 #Qatar2022 https://t.co/ZUpoZtMxBa\""
,"\"Felicitaciones a nuestros hermanos mayores \\ud83c\\udde6\\ud83c\\uddf7\\ud83c\\uddfa\\ud83c\\uddfe\\ud83d\\udc96\\u2728principalmente a Messi que siempre nos pareci\\u00f3 re buen tipo. #Argentina\""
,"\"#PelaezdeFranciscoenLaW Messi puede romper el r\\u00e9cord debjugador competitivo con m\\u00e1s a\\u00f1os en un mundial y sin duda en EEUU estar\\u00e1 por q a diferencia de otros jugadores  est\\u00e1 sano y saludable del coraz\\u00f3n ,piernas y Argentina est\\u00e1 clasificada defender\\u00e1 el t\\u00edtulo con 39 a\\u00f1os.. https://t.co/FOk0hDWb0G\""
,"\"Ahora que es campe\\u00f3n mundial, voy a contar el d\\u00eda que #Messi le salv\\u00f3 la vida a mi abuela.\\nLa Plata, 2 de abril de 2013. Estaba en la casa de mi abuela y me llega un mensaje de una chica para vernos, ten\\u00edamos ganas, se estaba nublando, clima ideal para regalarnos un rato de amor\""
,"\"GRACIAS\\ud83c\\udde6\\ud83c\\uddf7\\n\\n#FIFAWorldCup #Messi\\ud80c\\udcf5 #ArgentinaCampeonDelMundo https://t.co/zwseSk2YVi\""
,"\"A Messi ya solo le falta terminar su carrera en el Atl\\u00e9tico Huila para ganarlo todo\""
,"\"Ya pas\\u00f3 un d\\u00eda del partido, ya podemos admitir que nadie estaba preparado para ver a Messi perdiendo otra final del mundo?\""
,"\"el kun sabe cuanto pesa Messi sosteniendo la del mundo\""
,"\"Ultimo penal de la final Argentina Francia - en Bangladesh\\n#CFKLadronaDeLaNacionArgentina #Messi #Messi\\ud80c\\udcf5 #GobiernoDeInutiles #Bangladesh https://t.co/RJqExgkkUy\""
,"\"\\\"Nada es lo mismo sin f\\u00fatbol,\\nLa vida no es la misma\\nNo es la misma sin f\\u00fatbol,\\nLa vida no es la misma sin f\\u00fatbol\\\" bella canci\\u00f3n de J\\u00e1uregui del a\\u00f1o 2007\\n\\u26bd\\ufe0f\\ud83d\\udc99\\ud83c\\udde6\\ud83c\\uddf7\\u26bd\\ufe0f\\ud83d\\udc99\\ud83c\\udde6\\ud83c\\uddf7\\u26bd\\ufe0f\\ud83d\\udc99\\ud83c\\udde6\\ud83c\\uddf7\\n#FIFAWorldCup #Messi\\ud80c\\udcf5 #Qatar2022 #ArgentinaCampeonDelMundo #Argentina #Messi https://t.co/MB0zAE7GLQ\""
,"\"compararon a kempes con Messi, el diablo\""
,"\"solo quiero que me quieran como messi a antonella\""
,"\"en este momento desear\\u00eda vivir en bsas. la gente ma\\u00f1ana va a poder tomarse un bondi/subte para ver en vivo con sus propios ojos a messi levantando la copa del mundo, no tiene sentido\""
,"\"que le pusieran la bata esa negra a messi para levantar la copa\\u2026 pocas cosas me han dado tanta rabia\""
,"\"EL MEJOR DEL MUNDO, EL 1 LEJOSSS. NO TIENE COMPARACI\\u00d3N \\ud83d\\udc99\\ud83e\\udd0d\\ud83d\\udc99\\ud83e\\udef6\\ud83c\\udffd #Messi\\ud80c\\udcf5 https://t.co/i2w8xeIT5N\""
,"\"Gracias ma x elegir este suelo! \\ud83c\\udde6\\ud83c\\uddf7\\ud83c\\udde7\\ud83c\\uddf4\\nGracias pa x ense\\u00f1arme el amor a la camiseta.\\ud83c\\udde6\\ud83c\\uddf7\\u26aa\\ud83d\\udd34\\u26aa\\nGracias Dios por hacerme ARGENTINA y por poder vivir en la misma \\u00e9poca de #Messi\\ud80c\\udcf5\\n\\u2b50\\u2b50\\u2b50\\n     \\ud83c\\udde6\\ud83c\\uddf7\\n\\ud83e\\udd79\\ud83d\\udc99\\ud83e\\udd0d\\ud83d\\udc99\""
,"\"Hay cabrones de verdad aqu\\u00ed,  suben una foto del mundial de Messi celebrando en el camerino y dicen \\u201cLa foto no es m\\u00eda\\u201d\\n\\nJajajajaja de verdad? Yo pensaba que hab\\u00eda ido de SJ a Catar ayer mismo, lograste ver la final y tuviste acceso al vestuario. Gracias por aclarar.\""
,"\"La envidia q le tienen a Argentina y a Messi por dios, debe ser horrible ser tan anti f\\u00fatbol\""
,"\"imaginate decir que en tu cumple Messi levanto la copa y cbum el Mr.Olympia yy si lo puedo decir\""
,"\"Somos campeones del mundo!! Primera vez que veo salir campe\\u00f3n a Argentina, me siento afortunada de pertenecer a la era Messi, gracias por tantas alegr\\u00edas \\ud83d\\udc99\\ud83d\\udc99\\ud83d\\udc99\\ud83c\\udde6\\ud83c\\uddf7\\ud83c\\udde6\\ud83c\\uddf7\\ud83c\\udde6\\ud83c\\uddf7\\ud83c\\udde6\\ud83c\\uddf7\""
,"\"#Guirimundialista | @rodro77: \\\"Mario Goetze, el autor del gol de Alemania en 2014, ayer poste\\u00f3 en celebraci\\u00f3n a Messi\\\".\""
,"\"@CaracolNoticias Por qu\\u00e9 no publican los gestos obscenos del arquero argentino y Messi al final de 90 minutos meti\\u00e9ndose a escondidas sustancias dadas por asistente de campo? Lo exijo.\""
,"\"\\u00c1LBUM COMPLETO: la portada de The Times refleja todos los campeonatos conseguidos por Messi a lo largo de su carrera. https://t.co/l5DKMAbiCX\""
,"\"Viste cuando alguien te tira abajo dici\\u00e9ndote que no podes? Bueno as\\u00ed y muchos insultos le tiraron a Messi\\nY es inmensa la felicidad que siento porque cerro un mont\\u00f3n  de ortos\""
,"\"Mi mam\\u00e1 hoy de ma\\u00f1ana me despert\\u00f3 para decirme que estaba llorando me asust\\u00e9 y era porque vio a messi levantar la copa no hay pa\\u00eds en el mundo q se merezca esto mas que el nuestro\""
,"\"Messi es tan loco que conseguir\\u00e1 un pasaporte falso ir\\u00e1 a Paraguay y ganar\\u00e1 2 copas en la c\\u00e1rcel para superar a @10Ronaldinho \\ud83c\\udde6\\ud83c\\uddf7\\ud83d\\udc10\""
,"\"Alexis Mac Allister va a pasar de jugar la final de un mundial con Messi a jugar contra el Charlton Athletic con Welbeck en un tiempo de menos de una semana\""
,"\"Lees al 98% de comunes y famosos del mundo, felicitando a la selecci\\u00f3n y a Messi, y se te cruzan un par de de resentidos y un pu\\u00f1ado de tetonas critic\\u00e1ndolo. Dan ganas de fajarlos m\\u00e1s que contestarles\\ud83e\\udd23\""
,"\"Messi boc\\u00fa\""
,"\"Adem\\u00e1s de Messi , todo se lo debemos al dibu , que atajo esos penales y sin el no hubi\\u00e9ramos ganado \\ud83e\\udd0d te amo dibu\""
,"\"Que si Messi, La copa, Argentina, Francia, un \\u00e9xito total el mundial. Mientras tanto en Ir\\u00e1n han condenado a muerte al capit\\u00e1n de la selecci\\u00f3n por defender los derechos y libertades de las mujeres. Cierto, lo m\\u00e1s grave es el silencio de los medios y FIFA\\nhttps://t.co/T0fmeVJ2Fq\""
,"\"Que si no ten\\u00e9s experiencia no podes trabajar, dec\\u00edan\\u2026 yo sigo creyendo en la formaci\\u00f3n, en la preparaci\\u00f3n, en la@impronta personal y en los momentos de cada uno. Te quiero mucho Lionel Scaloni. #ArgentinaCampeonDelMundo #Messi #Qatar2022 #Mundial2022 #ArgentinaCampeonDelMundo https://t.co/o9pzHnVUMJ\""
,"\"es literalmente su cancion \\ud83d\\ude2dt amo tanto messi https://t.co/dGILoijey3\""
,"\"Si alguien merec\\u00eda la copa del mundo es Lionel Messi, un referente global en valores para los j\\u00f3venes, no solo el m\\u00e1s grande jugador de f\\u00fatbol, tambi\\u00e9n buen padre, hijo y esposo, humilde, respetuoso, buen ganador y perdedor, nunca vinculado a una sustancia extra\\u00f1a. \\u00a1Un ejemplo! https://t.co/rBVFBZJSsG\""
,"\"\\u201cEn la mano de Dios\\u201d y \\u201cel mejor de la historia\\u201d: los medios del mundo rendidos a los pies de Messi https://t.co/vcj1l4V2X8\""
,"\"Es enfermiza tanta adoraci\\u00f3n hacia Messi.\\nAdmirenlo,pero no lo idolatren.\""
,"\"lo qu\\u00e9 hay que aguantarse para que di mar\\u00eda y messi sean campeones\""
,"\"A ver cuanto tiempo les dura la c\\u00f3lera a los anti-messi.\""
,"\"Che vayan a deslikrar esto para que la foto de Messi con la copa tenga el r\\u00e9cord ah https://t.co/ktXHdhHAbm\""
,"\"Seg\\u00fan la l\\u00f3gica de la industria del f\\u00fatbol \\u00bfQuien qued\\u00f3 campe\\u00f3n, Messi o Argentina? \\n\\n\\u00a1Es para una tarea!\""
,"\"HAGAMOS QUE EL POST DE MESSI CON LA COPA SEA EL POST M\\u00c1S LIKEADO DE LA HISTORIA \\ud83c\\udfc6\\ud83c\\udde6\\ud83c\\uddf7\\ud83d\\udc99\""
,"\"Que bonito despertar y recordar que Messi ya es campe\\u00f3n del mundo\""
,"\"@RockstarGames de paso porque no les dais lanzacohetes a los NPC en los golpes porque joder en 2 d\\u00edas yo y mis amigos a costa de los guardias es m\\u00e1s f\\u00e1cil que me hable Messi por whattsap a que consiga pillar un punto de control\""
,"\"Gracias totales \\ud83d\\udcaa #Messi #ArgentinaCampeonDelMundo https://t.co/VmNN6Yypfe\""
,"\"Empieza con \\\"L\\\" y nos gusta a todos.\\nCLARO QUE LIONEL ANDR\\u00c9S MESSI\""
,"\"\\u2705 Regresaron Tobey Maguire y Andrew Garfield como Spiderman\\n\\u2705 Cruz Azul Campe\\u00f3n de M\\u00e9xico despu\\u00e9s de 23 a\\u00f1os\\n\\u2705 Messi \\u00eddolo y leyenda de nuestra generaci\\u00f3n Campe\\u00f3n del Mundo\\n\\nLos \\u00faltimos 2 mejores a\\u00f1os de mi vida.\""
,"\"Esta es una de las mejores finales de la copa del mundo que experimentaron muchas celebridades de fama mundial que contaron y reaccionaron mientras estaban emocionados por la actuaci\\u00f3n de Messi, Mar\\u00eda y Mart\\u00ednez. Mbapp\\u00e9 tambi\\u00e9n lo hizo bien al anotar un triplete #Qatar2022 FIFA https://t.co/yY9C5XGbma\""
,"\"No se ustedes\\u2026 pero estoy para que armen una estatua gigante de Messi y el Diego en la 9 de julio y que sea el nuevo Obelisco\""
,"\"Creo que la desaparici\\u00f3n f\\u00edsica de Diego sac\\u00f3 la palabra monol\\u00edtica del juego diario, de la opini\\u00f3n en medios y sobre todo, le sac\\u00f3 el peso de su presencia densa de los hombros de Messi. A partir de la partida, Leo se liber\\u00f3, fue m\\u00e1s l\\u00edder que nunca sin esa sombra tan poderosa.\""
,"\"no le encuentro rumbo a la vida desde ayer, no logro procesar que somos campeones del mundo, que pude ver a Messi  cumplir ese sue\\u00f1o y que YO ESTOY VIVIENDO ESTO https://t.co/5Ghj8LMFkP\""
,"\"S\\u00e1quenle el like al \\ud83e\\udd5a as\\u00ed la foto de Messi con la copa tiene el r\\u00e9cord de la m\\u00e1s likeada \\ud83d\\ude4f\\ud83c\\udffchttps://t.co/cPsLapPIAz\""
,"\"No puedo trabajar, Messi y la copa del mundo ocupan cada rinc\\u00f3n de mi cabeza.\""
,"\"primero messi luego la familia JAJAJAJ\""
,"\"Querido Pap\\u00e1 Noel: \\n\\nEn estas Fiestas ya pedimos y ya nos trajiste el Regalo del Cielo!\\n\\nARGENTINA CAMPEON!!!\\n\\nGracias! Gracias! Gracias! Por las 3 Estrellas en nuestra Camiseta!\\n\\nGracias a esta Hermosa Seleccion! \\ud83c\\udde6\\ud83c\\uddf7\\n\\n#argentina #campeonesdelmundo #messi #scaloneta #mundial https://t.co/hGNmnZpZcL\""
,"\"Mbapp\\u00e9 deja de llorar que a ti te quedan 3 mundiales por jugar, a Messi 0. \\nAdem\\u00e1s ya has ganado el mundial anterior, Argentina no ganaba desde el a\\u00f1o 1986. \\nPesao q eres mu pesao\""
,"\"MESSI ON COPA DEL MUNDO 2022.!\\n--&gt; https://t.co/33PGXlLVcg via @YouTube \\n\\n#FinalWorldCup2022 #ArgentinaVsFrance #argentina #perancis #pinalty #DiMaria #GreatestOfAllTime #Messi\\ud80c\\udcf5 #Mbape #mencekam #viralterbaru #trend #Trending #trendingvideos #PUBGMOBILE #AvatarTheWayOfWater #FYI\""
,"\"es TAN LINDO VER TODAS LAS FOTOS DE LA SELECCI\\u00d3N CADA UNO LEVANTANDO LA COPA M\\u00c1S A MESSI AMOAMOAMO\""
,"\"Messi con Maradona, 2 tipos inventados , un mundial y creen q son dioses? Los dioses no ganan t\\u00edtulos, los dioses inventan deportes. Idiotas.\""
,"\"gente q leo messi es campe\\u00f3n del mundo \\ud83e\\udd79\""
,"\"Fue un a\\u00f1o re de mierda, pero v\\u00ed a Messi levantar la copa del mundo y me egrese, nada m\\u00e1s para decir\""
,"\"Messi le gan\\u00f3 una final de champions a Cristiano Ronaldo, una final de copa am\\u00e9rica a Neymar y una final del mundo a Mbappe. Digan lo que digan Messi come solo en una mesa, nadie a la altura de el. El rey/dios del f\\u00fatbol.\""
,"\"pensar en lo que se sufri\\u00f3 y luego mirar a messi con la copa \\ud83d\\ude2d\""
,"\"sigo sin creer que messi sea campe\\u00f3n del mundo\""
,"\"cada cosa que pasa alargar\\u00e1 m\\u00e1s la nube de pedos mundialista. ahora el saludo de g\\u00f6tze a messi.\""
,"\"vi a Messi levantar la copa carajoooo https://t.co/CN7n0t8JyB\""
,"\"Yo pensando en donde est\\u00e1 el Messi de la @sofiberta even though nunca he estado en su casa (f\\u00edsicamente) https://t.co/Spl0tL9BvL\""
,"\"\\ud83c\\udde6\\ud83c\\uddf7\\ud83c\\udfc6\\ud83c\\udde6\\ud83c\\uddf7\\ud83d\\ude0a\\ud83c\\udf89\\ud83c\\udf8a\\nArgentina gan\\u00f3 felicidades Messi \\narriba copa Mundial \\nSaludos en laferrere\\n#EnfrentadosSDP https://t.co/LwTWdQll5O\""
,"\"Mi hijo (13) fue a la.escuela.con la camiseta y la bandera. Muchos lo felicitaron otros no, insultando a.Messi...\\nMi hijo nunca piso la.Argentina pero siente la.celeste y blanca como su pap\\u00e1.\""
,"\"Por si aun quedaba alguien odiando a Messi desde ayer e invent\\u00e1ndose que el 3-2 no debi\\u00f3 ser v\\u00e1lido por invasi\\u00f3n de campo de Argentina.\\nEs mejor documentarse y buscar el reglamento que quedar mal y hacer periodismo de mierda\\ud83d\\udca9 https://t.co/lLCOl1qE10\""
,"\"Otro gol de Messi tu eres mi Antonella\\ud83c\\udfb6\""
,"\"Los stickers de Messi est\\u00e1n buenos! \\ud83d\\ude0d\\ud83e\\udd23\""
,"\"Cbum tiene su MrOlympia, y Messi tiene su Mundial, para cuando tendr\\u00e9 yo mi novia?\""
,"\"Tengo un solo tel\\u00e9fono para todos los fondos de pantalla que quiero poner de Messi lpm\""
,"\"Rosada ESTAN TODOS LOS KKs CALENTITOS porque la SELECCI\\u00d3N NO QUIERE IR A LA ROSADA...son PAT\\u00c9TICOS!! Las imbecilidades que est\\u00e1n inventando, le ganan a cualquier novela dram\\u00e1tica! #NoALaRosada #ArgentinaCampeonDelMundo. #Messi\\ud80c\\udcf5 y equipo #GraciasSeleccion\""
,"\"Esto no es un sue\\u00f1o, es una realidad Messi es campe\\u00f3n mundial\""
,"\"\\ud83c\\udde6\\ud83c\\uddf7 \\u26bd \\ud83d\\udc64 No ten\\u00eda nada m\\u00e1s por demostrar en su carrera, pero Lionel Messi quiso darle la alegr\\u00eda a Argentina de ser campe\\u00f3n del mundo por tercera vez en su historia en Qatar 2022.\\n\\n\\ud83d\\udd8a\\ufe0f Diego Figueroa Loayza\\nhttps://t.co/t7V370qT7i\""
,"\"vi a Messi levantar la copa y levant\\u00e9 la copa con mi tribu este a\\u00f1o que m\\u00e1s puedo pedir\""
,"\"MESSI se retira y MBAPPE llega al MADRID! buah el SUE\\u00d1O PERFECTO eh https://t.co/mVc86Uq8Wg\""
,"\"Vi a Messi campe\\u00f3n del mundo.\\n\\nVi a mi parecer la mejor selecci\\u00f3n Argentina de todos los tiempos.\\n\\n2022 el a\\u00f1o que nunca voy a olvidar \\n\\n\\u2b50\\u2b50\\u2b50\""
,"\"Messi va a tener 8 balones de oro jajajajaj\""
,"\"Quiero ser Leo Messi y t\\u00fa mi \\nAntonella.\""
,"\"Por hacer la plantilla de 84 del #SBC de Di Maria que sali\\u00f3 ayer te dan a Messi TOTT por 3 partidos. https://t.co/mtyQdMXokI\""
,"\"que rico escuchar a un anti Messi de toda la vida ahorita aceptar que Messi es el mejor de la historia, como les quema en el alma\\ud83e\\udd23\\ud83e\\udd23\\ud83d\\ude0d\""
,"\"LIONEL MESSI \\ud83c\\udde6\\ud83c\\uddf7 SE LO MERECE \\ud83c\\udfc6\\n\\nEl editorial de @DanielNavasV en #DeUnaXSF. \\ud83d\\udfe2\\u26bd\\ufe0f 1/2 https://t.co/lPMX89NsAa\""
,"\"todos quer\\u00edan que Messi fuera campe\\u00f3n, pero nadie quer\\u00eda que los argentinos fueran campeones\""
,"\"Bueno che, empiecen a tatuarse a messi levantando la copa q necesito ideas\""
,"\"Ustedes han pensando en el momento en que Messi, Mbappe y Neymar se encuentren en los entrenamientos del PSG?\""
,"\"\\ud83d\\udd25 \\\"LA PEOR COPA DE TODOS LOS TIEMPOS\\\" \\ud83d\\udd25\\n\\n#FOXSportsEnQatar El mensaje de la hermana de Cristiano Ronaldo en el d\\u00eda que Messi levanta el t\\u00edtulo del mundo \\n\\nhttps://t.co/a2zFnABfSz\""
,"\"ya fuera de toda bronca y rivalidad para m\\u00ed Mbappe es un tipazo. Talentoso en el f\\u00fatbol, fan de Cristiano desde chiquito, dice que Messi es el mejor del mundo, se la banca contra todos y no mariconea en entrevistas como el 19 de Netherlands, tiene una novia modelo trans\""
,"\"Dale Alberto dame un feriado para m\\u00e1\\u00f1ana. Me quiero ir https://t.co/27BHrtE5sv a ver a Messi\""
,"\"Salva el f\\u00fatbol Van Gaal\\nSalva el f\\u00fatbol Modric\\nSalva le f\\u00fatbol Mbappe\\nDec\\u00edan los Madridistas..\\nEl f\\u00fatbol ya lo salv\\u00f3 Lionel Andres Messi https://t.co/xauMJMNmcW\""
,"\"\\ud83c\\udfb6Las provincias unidas del noreste \\ud83c\\udfb6 Felicitan a la Rep\\u00fablica Argentina, esperando o\\u00edr el \\ud83c\\udfb6ruido de rotas cadenas\\ud83c\\udfb6 muy pronto. Moltes felicitats Messi!!!!\""
,"\"\\u201cSi Messi dice adi\\u00f3s, nos vamos con \\u00e9l\\u201d, afirma el periodista uruguayo V\\u00edctor Hugo https://t.co/2k92Zwgp2d\""
,"\"che, como que la imagen de Messi con la copa me resulta super natural. Le queda pintada\""
,"\"Algo estas haciendo mal si Messi no quiere ir a la Casa Rosada. No ? \\nAh claro no sabe lo que es estar destinado al \\u00e9xito\""
,"\"La videollamada de Luis Su\\u00e1rez a Leo Messi https://t.co/jj1gq6DjFs\""
,"\"Leo Messi es el mejor ejemplo de lo que hay que hacer en la vida, intentarlo siempre. Este broche de oro es hermoso.\""
,"\"Messi se llev\\u00f3 la red del arco, mbappe el travesa\\u00f1o\""
,"\"El an\\u00e1lisis sobre #ArgentinaFrancia . \\nSe dijo en #CirculoCentral . Domingo 18/12.\\n@Mauricioisra61 @Msperiodista @bianchileiton \\n#FIFAWorldCup #Messi\\ud80c\\udcf5 #Qatar2022 #ArgentinaCampeonDelMundo https://t.co/sDq60Dz0Y5\""
,"\"A la gilada ni cabida, LES DEJO ESTA FOTO DE MESSI CAMPE\\u00d3N https://t.co/DjUgkHxrbx\""
,"\"Ya vengo voy hasta Once a buscar el deshabill\\u00e9 negro ese que le pusieron a Messi para levantar la copa.\""
,"\"Lionel Messi en este Mundial:\\n7 Goles, 3 Asistencias  10 G/A \\u26bd\\ufe0f\\ud83c\\udd70\\ufe0f\\n\\nCristiano Ronaldo en 5 Mundiales:\\n8 Goles, 2 Asistencias  10 G/A \\u26bd\\ufe0f\\ud83c\\udd70\\ufe0f\\n\\nLa DIFERENCIA entre mi GOAT y el tuyo. https://t.co/kVO6LsWnuv\""
,"\"Las diversas personalidades del b\\u00e1squet se expresaron ante la tan ansiada coronaci\\u00f3n de Argentina en el Mundial.\\n\\n\\u00a1Argentina campe\\u00f3n! As\\u00ed reaccion\\u00f3 el mundo del b\\u00e1squet; https://t.co/OQKOsVhvwa https://t.co/0SirlGE8ie\""
,"\"Como te dej\\u00f3 la cola messi? @FlavioAzzaro\""
,"\"quiero un messi https://t.co/u2adE6t7Ae\""
,"\"honestamente sigo sin poder caer onda desde el a\\u00f1o pasado que todo el pa\\u00eds est\\u00e1 manifestando la copa y SE DIO \\nviva la tierra de las brujas messi y taylor swift\""
,"\"AHORA QUE A MESSI NO LE PASE LO MISMO QUE A MARADONA el impecable an\\u00e1lisis de Santiago Cuneo  \\u2066\\ud83c\\udde6\\ud83c\\uddf7\\ud83c\\udde6\\ud83c\\uddf7\\ud83c\\udde6\\ud83c\\uddf7\\ud83c\\udde6\\ud83c\\uddf7@Argentina\\u2069 \\u2066@Notamendi30\\u2069 \\u2066@elchiringuitotv\\u2069 \\u2066@tapiachiqui\\u2069 \\u2066@lioscaloni\\u2069 \\u2066@Oficial7DiMaria\\u2069 (abro hilo IMPERDIBLE) \\u2066@elrestaurador22\\u2069 https://t.co/ApHOxBGCPw\""
,"\"Para el mundo occidental, el momento en el que le ponen una capa transparente al capit\\u00e1n de la Selecci\\u00f3n Masculina de F\\u00fatbol fue una inc\\u00f3gnita. \\u00bfQu\\u00e9 significado tiene la capa de #messi y c\\u00f3mo repercuti\\u00f3 en Adidas? \\nhttps://t.co/90l4XkmIic\""
,"\"Hay muchos/as mala leche que aprovecharon el titulo de ayer y la alegria con Messi para pegarle a Maradona, a esos ni un vaso de agua, no son Argentinos de verdad. Faltarle el respeto al tipo que les dio la misma alegria que Messi ayer a nosotros a nuestros viejos es de boludo/a\""
,"\"No s\\u00e9 si dimensionamos que Messi gan\\u00f3 el mundial\""
,"\"Argentina Campe\\u00f3n Mundial: As\\u00ed lo contaron los principales medios del mundo\\n\\n#Argentina #Medios #Messi #Mundial #Qatar2022 \\n\\nhttps://t.co/Azu42N6I4w\""
,"\"El hecho de que Messi tenga Paris, Francia de ubicaci\\u00f3n me da todav\\u00eda m\\u00e1s risa por favor karma is a god dijo taylor swift https://t.co/IV5NuPk2A1\""
,"\"Gracias a lo que el f\\u00fatbol nos devolvi\\u00f3, gracias a Messi por darnos la mayor alegr\\u00eda de nuestras vidas, puedo decir que, puedo morir en paz y feliz. Gracias @Argentina, no podemos pedir m\\u00e1s nada. \\n\\u00a1Salud campe\\u00f3n! \\u2b50\\u2b50\\u2b50\\ud83d\\udc99\\ud83e\\udd0d\\ud83d\\udc99\""
,"\"24 horas despu\\u00e9s de que la Selecci\\u00f3n Argentina de Lionel Messi levantara la copa del mundo la felicidad no me la quitan ni agarr\\u00e1ndome a patadas.\""
,"\"No puede ser que est\\u00e1bamos todos unidos con un mismo objetivo: ver a Messi sonre\\u00edr\""
,"\"El once ideal de #Qatar2022 elegido por la revista francesa @lequipe (los que creen que hay 30 jugadores mejores que Messi). Fuerte presencia de los semifinalistas, salvo por el ingl\\u00e9s Bukayo Saka (podr\\u00edan haber puesto a Juli\\u00e1n). https://t.co/JzddNWY8qw\""
,"\"Hasta hace un mes me ca\\u00eda p\\u00e9simo messi solo por como jugaba Uno con el hijo y hoy soy que si: \\u201chasta para jugar uno Messi es un crack, wow\\u201d\""
,"\"Muy bien por messi, pero ya no quiero escuchar nada de argentina, a menos que sea Cerati\""
,"\"Club level - Ronaldo\\nInternational level - Messi\\n\\nNot upto debate\""
,"\"Ya denle el octavo bal\\u00f3n de oro a Messi, no hay nadie igual \\ud83e\\udd79\\ud83c\\udde6\\ud83c\\uddf7 y es nuestro gente \\ud83d\\udc4f\\ud83c\\udffd\\ud83d\\udc4f\\ud83c\\udffd\\ud83e\\udec2\""
,"\"Con esta portada dedica The Times la trayectoria de t\\u00edtulos que ha ganado Leo Messi. #ARG https://t.co/6aaz2R6D4o\""
,"\"q pedo que me puse ayer pero fue por messi\\ud83d\\ude0d\\ud83c\\udde6\\ud83c\\uddf7\""
