,"\"Espero que a nadie se le haya olvidado que LEO MESSI ES CAMPE\\u00d3N DEL MUNDO\""
,"\"Fueron los Mejores del Mundo, ganaron Ligas, Champions, Balones de Oro, Botas de Oro y mucho m\\u00e1s. \\nNadie se pudo sentar en su mesa, pero en Qatar tuvieron finales diferentes, Messi gan\\u00f3 la Copa del Mundo y el Bal\\u00f3n de Oro, Cristiano Ronaldo perdi\\u00f3 todo, hasta la titularidad. https://t.co/kZqJu8KQao\""
,"\"@JulioRazona ayer el emir de Catar le puso la capa de mas\\u00f3n 33 a Messi ,ayer sell\\u00f3 el pacto .\""
,"\"Esto dijo Jenna Ortega, la actriz de Merlina, cuando le mencionaron a Lionel Messi - QueVer https://t.co/53WE9MpVlM\""
,"\"Qu\\u00e9date con quien sea tu fan como Messi lo es de Antonella. \\ud83d\\ude0d https://t.co/eXoZsByq3y\""
,"\"\\ud83d\\udde3 \\\"Diego me la iba a regalar...\\\"\\nhttps://t.co/vrXSmxTuOn\""
,"\"\\ud83c\\udfc6\\ud83c\\udde6\\ud83c\\uddf7 \\u00bfQu\\u00e9 hubiera pasado si Messi se quita el 'bisht' de las m\\u00e1ximas autoridades qatar\\u00edes que le pusieron?\\n\\nhttps://t.co/QFLXLbXmxh\""
,"\"El futbolista argentino rompe r\\u00e9cord tras ganar la Copa Mundial de la FIFA Qatar 2022 \\ud83d\\ude31\\ud83d\\udc47\\n\\nhttps://t.co/R6gFGwLs8d\""
,"\"\\ud83c\\udde6\\ud83c\\uddf7Argentina se coron\\u00f3 campeona superando multitud de dificultades. Las tres claves de @PimenMarcos77: el factor familia, el factor confianza y el factor Leo Messi\\n\\n\\u270d\\ufe0f\\\"La forma de salir campeones\\\"\\n\\n\\ud83d\\udd17https://t.co/C8Fk9rKbVU https://t.co/ojJKc7vEM3\""
,"\"\\u00a1Grande! \\ud83d\\udc4f Messi ha acumulado un palmar\\u00e9s inmenso, casi inigualable \\ud83d\\udc4f\\u26bd\\ufe0f\\nhttps://t.co/fgk766qfod\""
,"\"\\ud83d\\udd1f\\ud83d\\udde3 Lionel Messi, capit\\u00e1n de Argentina: \\u201cSab\\u00eda que Dios me iba a regalar este t\\u00edtulo, present\\u00ed que iba a ser en este Mundial\\u201d https://t.co/6QQJ6HtEXM https://t.co/VfLoykfisa\""
,"\"\\ud83d\\udca5\\ud83d\\udc40 @David74Sanchez lo tiene claro en @Marcador \\n\\n\\ud83d\\udd34\\ud83d\\udd35 \\\"Rotundamente s\\u00ed. Traer\\u00eda de \\ud835\\ude03\\ud835\\ude02\\ud835\\uddf2\\ud835\\uddf9\\ud835\\ude01\\ud835\\uddee \\ud835\\uddee \\ud835\\udde0\\ud835\\uddf2\\ud835\\ude00\\ud835\\ude00\\ud835\\uddf6 al @FCBarcelona_es\\\" \\n\\n\\ud83d\\udc10\\ud83d\\udd1f \\\"Messi es un factor diferencial. Tendr\\u00eda cabida en el XI\\\" \\n\\n\\ud83d\\udcfb https://t.co/ilgsizI4uT https://t.co/CRyyvUrpe3\""
,"\"ATENCI\\u00d3N - En #Francia hacen \\u2018relajo\\u2019: \\u201cEl gol de #Messi en la pr\\u00f3rroga es ilegal\\u201d https://t.co/lTtEEhl8pf #Qatar2022 https://t.co/3LlmPVOiMj\""
,"\"\\u201cEl f\\u00fatbol te lo deb\\u00eda\\u201d, Luis D\\u00edaz felicita a Messi por el triunfo en Qatar \\u27a1https://t.co/dk1MIbzMzC https://t.co/6NfYPqWcOZ\""
,"\"El fondo de pantalla que siempre So\\u00f1\\u00e9. Messi y la \\u2b50\\u2b50\\u2b50 #LaScaloneta https://t.co/qOotgyUmo1\""
,"\"Ahora ya en fr\\u00edo...que pedazo de jugador Mbappe, si no sale otro Messi va a ser el mejor por mucha distancia con el resto.\""
,"\"Deber\\u00edan proponer un proyecto de ley, para cambiarle el nombre a alguna provincia por Lionel Messi.\""
,"\"a traves de dos personas nomas conozco a messi, alguien conoce a alg q estuvo con messiiiii\""
,"\"Desde ayer todo mi tik tok est\\u00e1 lleno de Messi, Mbapp\\u00e9 y Scaloni\""
,"\"buenas tardes chavales les vengo a recordar q messi es campe\\u00f3n del mundo\""
,"\"Argentina y Messi campeones del mundo\\n\\n#Futbol #MundialCatar2022 https://t.co/LWu9rUuYHS\""
,"\"50% en la subscripci\\u00f3n de telegram, subo contenido explicito y rico por all\\u00e1\\ud83d\\udd25 pregunta al privado papi\\n\\nLoverFans en 5$? Tambi\\u00e9n te lo tengo, subscribete \\u2757\\ud83d\\udc47\\ud83c\\udffc\\nhttps://t.co/w63BXdX68X\\n\\n#onlyfans #Messi\\ud80c\\udcf5 #loverfans #culonas https://t.co/vGveF2a80S\""
,"\"@afa @lioscaloni @Ieomessiok si contamos los numeros 3 (,tercera copa mundial para argentina) y la famosa carta 5 copas (aparece 5 veces el numero 3) y sumando y desglosando todos los numeros suman 10 (messi, aimar, maradona) dibu se anticipo a darnos la estrella tercera https://t.co/IoR02kdsju\""
,"\"\\u00bfSab\\u00e9is que esto no se queda en el Mundial? Probablemente gane su octavo (!) Bal\\u00f3n de Oro en la siguiente entrega.\\n\\nNo somos conscientes de lo que hemos vivido y estamos viviendo con Messi, es \\u00fanico.\""
,"\"Vieron q todo el gobierno de #cfkdelincuente est\\u00e1n nombrando a Maradona y niegan Messi. Pasa q L\\u00edo no quiere ir a la rosada y el resto, salv\\u00f3 uno, est\\u00e1 con el. Parece q el tema de respiradores pesa...\""
,"\"Por Dios, no se que tatuarme ya, si 3 estrellas, la fecha, el himno, Messi levantando la copa o la cara de culo de Mbapp\\u00e9\""
,"\"\\u00bfQu\\u00e9 habr\\u00eda pasado si Messi quita el 'bisht', la t\\u00fanica que le puso el emir de Qatar para recoger la #FIFAWorldCup?\\n\\nV\\u00eda @A3Noticias \\nhttps://t.co/pVkfdzq78R\""
,"\"Los #Antimessi son reales pero tambien mis fans, comenta #Messi. \\ud83d\\udc47\\ud83d\\udc47\\ud83d\\udc47 los leo.\""
,"\"Ahora, todav\\u00eda con la piel sensible de tanta emoci\\u00f3n, solo queda cerrar los ojos y descomprimir las tensiones mientras se escucha y se ven las repercusiones de una jornada que se escribi\\u00f3 al instante en los libros de la historia del deporte.\\n\\nhttps://t.co/mgB05E46Hy\""
,"\"ya me he cansado de ver tanto messi porfa\""
,"\"Messi, mejor jugador de la final y del Mundial 2022 ... https://t.co/ueIRjpYwlk #deportes #principales\""
,"\"No puedo pedir mas nada en mi vida, vi a mi equipo ganar 2 COPAS LIBERTADORES, VI LA ERA GALLARDO, SOY CONTEMPORANEO A MESSI, VI A MI SELECCION GANAR LA COPA AMERICA A BRASIL, LA FINALISSIMA A ITALIA, Y LO QUE TANTO SO\\u00d1E..SE LOGRO, VI A MI SELECCION SER CAMPEON DEL MUNDO!\""
,"\"Se\\u00f1ores y Ronaldi\\u00f1o no gano todas copas que gano Messi??#PelaezdeFranciscoenLaW\""
,"\"toy living con los tiktoks de messi autista\""
,"\"Creen que con esta copa Messi super\\u00f3 al Diego?\""
,"\"quien para ir a bs as al obelisco dios, necesito ver al enano con esa copa, que feliz que estoy por vos messi te amo con todo mi coraz\\u00f3n desde que tengo 3 a\\u00f1os y conoc\\u00ed al f\\u00fatbol\""
,"\"Las palabras de Messi en 2016 retumban en mi cabeza https://t.co/CzLsweKEJZ\""
,"\"Buenas tardes les hago acordar que messi es campe\\u00f3n del mundo\""
,"\"Amo q haya ganado Argentina por Messi y por las swifties https://t.co/AsueeHjuVk\""
,"\"Tapa de los Diarios Clar\\u00edn y La Nazion. La batalla cultural en su m\\u00e1xima expresi\\u00f3n, desde el poder real para ningunear a la selecci\\u00f3n, a Messi y a la alegr\\u00eda y festejo de todos los pueblos del territorio argentino.\\n#clarinlatenesadentro #lanazionlatnesadentro  #clarinesmafia https://t.co/shHzUxhawh\""
,"\"Vengo a presumir la foto que me saqu\\u00e9 junto a la copa en Catar \\ud83c\\uddf6\\ud83c\\udde6. La original, la de Messi y Maradona \\ud83c\\udde6\\ud83c\\uddf7\\n78-86-22\\n\\u2b50\\ufe0f\\u2b50\\ufe0f\\u2b50\\ufe0f https://t.co/fuRjskPs70\""
,"\"Messi dej\\u00f3 listos a todos con sus declaraciones, no es momento de pensar en los partidos o en lo qu\\u00e9 pas\\u00f3, sino de celebrar. #PelaezdeFranciscoenLaW\""
,"\"Esto lo recordaremos siempre, duela a quien le duela, vimos al mejor jugador de la historia quedar campe\\u00f3n del mundo.\\n\\nVivimos la \\u00e9poca de Messi, desde nuestra ni\\u00f1ez jugando en la canchita del barrio imagin\\u00e1ndonos ser \\u00e9l hasta ayer vi\\u00e9ndolo alzar la copa.\\n\\nGracias Messi\\u2764\\ufe0f\""
,"\"Los que llev\\u00e1is todo el a\\u00f1o criticando a Messi, y ahora sub\\u00eds fotito de que se lo merece (?), hacedme un favorcillo y meterse en la cueva jejee\""
,"\"\\u00bfHabr\\u00e1 reclamo formal? Medio franc\\u00e9s asegur\\u00f3 que gol de Lionel Messi debi\\u00f3 anularse https://t.co/FXCS6V5yWQ\""
,"\"Bueno,esta foto tiene un contexto a la actualidad ya que Messi es campe\\u00f3n del mundo.\\n\\nEn fin un dia tuve un conocido al que le dieron a guardar una botella de cerveza de la marca Budweiser firmada por el astro argentino, esta foto la estaba guardando para un momento especial!! https://t.co/JTNQDRtRnp\""
,"\"Mal d\\u00eda para ser anti Messi\""
,"\"Closs antes de bardear a Scaloni y a Messi que se haga un peeling facial y neuronal.\""
,"\"ahora todos son fan de messi\""
,"\"Otra foto de Messi que veo y me corto\""
,"\"Messi y los pibes de River. El mundial m\\u00e1s riverplatense posible. De n\\u00fa\\u00f1ez para el mundo. Argentina campe\\u00f3n. River es el pa\\u00eds.\""
,"\"Jaja que siga tomando ag\\u00fcita ese ego\\u00edsta que no ha felicitado a Messi. https://t.co/V8tGOToEi7\""
,"\"No se qu\\u00e9 pas\\u00f3 ayer despu\\u00e9s de las 2 de la tarde pero, que viva Messi pu\\u00f1eta\""
,"\"Ya a Leo Messi el \\u00fanico trofeo que le falta ser\\u00eda la @KingsLeague....@IbaiLlanos HAZLO.\""
,"\"La mochila de plomo que se sacaron de encima Messi y Dimaria  con este t\\u00edtulo mundial\\n Hubiera sido injusto que se retiraran sin haberla obtenido. Qu\\u00e9  paz.\""
,"\"\\ud83c\\udde6\\ud83c\\uddf7\\ud83c\\udfc6\\ud83c\\udde6\\ud83c\\uddf7\\ud83d\\ude0a\\ud83c\\udf89\\ud83c\\udf8a\\nArgentina gan\\u00f3 felicidades Messi \\narriba copa Mundial \\nSaludos en laferrere\\n#EnfrentadosSDP https://t.co/mknQi6CALV\""
,"\"Cuando crees que no es posible ser m\\u00e1s estupida, @gabicerru lo hace posible.\\nSu \\u201cfestejo\\u201d llamando viejo a Messi es hilarante.\""
,"\"- Los antimessi: \\\"El mundial estaba arreglado, lo compr\\u00f3 Messi, le dieron muchos penales \\ud83d\\ude2d\\\"\\n\\n- La realidad: https://t.co/pyGIjNt3CP\""
,"\"Lionel o Messi los nombres de 152 bautizados en Colombia este a\\u00f1o - https://t.co/TH130TyLIM @LeoMessiFanClub\""
,"\"\\ud83d\\udd0e Maiores Notas Sofascore em Copas do Mundo desde 1966 (ao menos 7 jogos disputados):\\n\\n8.74 - \\ud83c\\uddf3\\ud83c\\uddf1 Cruyff\\n8.20 - \\ud83c\\udde7\\ud83c\\uddf7 Pel\\u00e9\\n7.98 - \\ud83c\\udde9\\ud83c\\uddea Gerd M\\u00fcller\\n7.97 - \\ud83c\\udde9\\ud83c\\uddea Beckenbauer\\n7.96 - \\ud83c\\udff4\\udb40\\udc67\\udb40\\udc62\\udb40\\udc73\\udb40\\udc63\\udb40\\udc74\\udb40\\udc7f Jordan\\n7.92 - \\ud83c\\udde6\\ud83c\\uddf7 Messi\\n7.91 - \\ud83c\\uddee\\ud83c\\uddf9 Rivera\\n7.91 - \\ud83c\\udde9\\ud83c\\uddea Brehme\\n7.91 - \\ud83c\\udde6\\ud83c\\uddf7 Passarela\\n7.89 - \\ud83c\\uddf8\\ud83c\\uddea Andersson https://t.co/KnT9q6qmYG\""
,"\"Bueno a Messi solo le falta la libertadores, Leo y si te llama Roman?\""
,"\"Lionel Messi\\ud83c\\udde6\\ud83c\\uddf7\\ud83d\\udc10 is the first player ever to win the Golden Ball in 2 FIFA World Cup editions.\\n Otro r\\u00e9cords m\\u00e1s de Lionel Messi, es el \\u00fanico jugador en ganar dos veces el bal\\u00f3n de oro en un mundial de f\\u00fatbol. \\nRompe y rompe r\\u00e9cords, todo un campe\\u00f3n mundial. Veremos qu\\u00e9 m\\u00e1s jaja. https://t.co/6HHeU9dl00\""
,"\"El que me diga que Mbappe (que es una bestia) tuvo mejor mundial que Messi sabe muy muy poquito de f\\u00fatbol. Messi es POR ESC\\u00c1NDALO el mejor jugador de este mundial\""
,"\"Desde que @fifacom_es entrega al Bal\\u00f3n de Oro al Mejor Jugador de cada #CopaMundialFIFA (1982), el pa\\u00eds que m\\u00e1s veces lo gan\\u00f3 fue #ARG (3 veces):\\n\\n\\ud83c\\udde6\\ud83c\\uddf7Diego MARADONA (1986)\\n\\ud83c\\udde6\\ud83c\\uddf7Lionel MESSI (2014)\\n\\ud83c\\udde6\\ud83c\\uddf7Lionel MESSI (2022) https://t.co/7ooSw5G38D\""
,"\"\\u00a1\\u00bfQu\\u00e9?! Canelo \\u00c1lvarez hablo del triunfo de Argentina despu\\u00e9s del round que se avent\\u00f3 con Messi. \\ud83e\\udd4a\\ud83c\\udde6\\ud83c\\uddf7\\u26bd https://t.co/7ANiQSvQmG\""
,"\"\\ud83c\\udde6\\ud83c\\uddf7 CAMPEONES DEL MUNDO \\ud83c\\udde6\\ud83c\\uddf7\\n\\nVAMOS ARGENTINA \\n\\nNo pod\\u00eda no subir poster sobre esta locura.\\n\\n#Messi\\ud80c\\udcf5 #FIFAWorldCup https://t.co/AvhIXoOPFs\""
,"\"Ac\\u00e1 tambi\\u00e9n firma de Messi ( no el Messi ) y va a tener algo m\\u00e1s con mis amigos/familia.\\n@otero_nacho @wiemeyer\""
,"\"como un huevo de mierda va a tener mas likes que Messi degollaria a todas las gallinas del pa\\u00eds con mis manos con tal de que Messi sea la foto m\\u00e1s likeada Y ENCIMA SE COMO HACERLO PORQUE MI ABUELA ME ENSE\\u00d1O\""
,"\"@Cloquis se volvi\\u00f3 tendencia mundial con su v\\u00eddeo de Messi...hasta Ag\\u00fcero le contest\\u00f3!\""
,"\"a mis hijos les voy a decir YO VI A MESSI LEVANTAR LA COPA DEL MUNDOOOOOOOOOOO\""
,"\"Lionel Messi y Angel Di Maria se unen a el MUY EXCLUSIVO grupo de jugadores que han ganado todos los grandes trofeos por equipo del f\\u00fatbol, falt\\u00e1ndole solo la #CopaLibertadores\""
,"\"El \\u00fanico que le quito un MVP a Messi https://t.co/6oLV99M2vu\""
,"\"#ArgentinaCampeonDelMundo A Lionel #Messi solo le falta anotar un gol en el per\\u00edodo 50-59 de minutos de un partido. Hizo goles en todas las otras decenas de los 90 reglamentarios, y ayer anot\\u00f3 por primera vez en una de las tres decenas de los 30 minutos suplementarios. #Messi2026\""
,"\"puedo morir en paz porq vi a messi ser campe\\u00f3n del mundo\""
,"\"Estoy tranquila y de repente MESSI TE AMO SOMOS CAMPEONESSSSSSSSS \\ud83d\\udc99\\ud83d\\udc99\\ud83d\\udc99\\ud83d\\udc99\""
,"\"Lamento el retiro de Tit\\u00ed Fern\\u00e1ndez; espero que Messi siga, agradezco que el Cabez\\u00f3n Rugeri haya quedado como@un boludo: fin de la historia de un comentarista de mierda con chapa de mundialista!!!\""
,"\"Lionel Messi en este Mundial:\\n7 Goles, 3 Asistencias  10 G/A \\u26bd\\ufe0f\\ud83c\\udd70\\ufe0f\\n\\nCristiano Ronaldo en 5 Mundiales:\\n8 Goles, 2 Asistencias  10 G/A \\u26bd\\ufe0f\\ud83c\\udd70\\ufe0f\\n\\nLa DIFERENCIA entre mi GOAT y el tuyo. https://t.co/udPPuzQnrJ\""
,"\"#Telenueve | El cartonero se arrodill\\u00f3 de la emoci\\u00f3n luego de que un hincha le regalara la camiseta de la Selecci\\u00f3n Argentina \\ud83c\\udde6\\ud83c\\uddf7\\ud83e\\udd70\\ud83d\\ude25\\n\\nhttps://t.co/MrEbPNifL5\""
,"\"imaginate decir que en tu cumple Messi gano la copa y Cbum gano el Mr.Olympia, y si lo puedo decir \\ud83e\\udef6\\ud83c\\udffc\""
,"\"Com a m\\u00e3o direita e pulso enfaixados por conta de impactos da final da copa. \\nERES UN CAMPE\\u00d3N, MESSI! \\ud83e\\udef6\\ud83c\\udffd\\ud83e\\udd79\""
,"\"ser\\u00eda hermoso que messi ma\\u00f1ana saque una listita de todos los periodistas que lo bardearon y remate con un \\\"para los que no creyeron, con el perdon de las damas...\\\" https://t.co/GplpMCFNSo\""
,"\"Ver\\u00e1s t\\u00fa cuando el seguidor promedio del Barca se d\\u00e9 cuenta de que Messi ya no es del Barca y que en menos de un mes, est\\u00e1 sonando la m\\u00fasica de la Europa League en el Camp Nou \\u2026\""
,"\"Messi que grande eres chabon!\\n\\nHay mejores, lo se. Pero este es el playlist que me relajo toda la Copa del Mundo, la comparto: \\nhttps://t.co/joSepnZ3Hq\""
,"\"Ni el pueblo festejando, ni el equipo celebrando, ni Messi con la copa. \\nUna publicidad. Eso son. https://t.co/u8Ux71JdUA\""
,"\"\\ud83c\\udde6\\ud83c\\uddf7El mensaje de Scaloni a Messi para el 2026: \\\"Hay que guardarle la 10\\\"\\n\\n\\ud83d\\udcac\\\"Se gan\\u00f3 el derecho de decidir qu\\u00e9 quiere hacer con su carrera\\\", consider\\u00f3 el DT campe\\u00f3n al referirse al capit\\u00e1n argentino.\\n\\n\\ud83d\\udcf2+INFO: https://t.co/1cnLWAKPyj\""
,"\"Tambien hay una realidad como un templo. \\nSIEMPRE EL TRIDENTE DE LA HISTORIA DEL FUTBOL FUE, ES Y SERA.\\nPELE-MARADONA-MESSI.\""
,"\"Creo que si bien est\\u00e1 ok que todo gire entorno a Messi, es justo hablar un poquito m\\u00e1s del Director T\\u00e9cnico de Argentina y lo que logr\\u00f3 conseguir con el equipo humano que escogi\\u00f3 para este Mundial.\""
,"\"Me destruye que Messi no vio campe\\u00f3n a Maradona y Maradona no vio campe\\u00f3n a Messi.\""
,"\"tu puedes ser mi Messi y yo tu Antonela\""
,"\"Sinceramente llore como nunca ayer, me descargue una banda porque te juro toda mi vida so\\u00f1aba con ver levantar a Messi la copa del mundo y al final lo logr\\u00f3.\""
,"\"#Qatar2022 #CopaMundialFIFA \\n\\nLegionarios, seleccionados y jugadores #salvadore\\u00f1os de #Primera dedicaron post en sus cuentas sociales, para declarar su admiraci\\u00f3n por el #argentino, tras salir #campe\\u00f3n. Ac\\u00e1, algunos post \\n\\nhttps://t.co/O6JvbijIV3\""
,"\"\\u00bfCrees que Messi gane su 8vo bal\\u00f3n de oro?\\n\\ud83d\\udd01 NO\\n\\u2764\\ufe0f Si https://t.co/vvLInDOlzv\""
,"\"Que hacemos los que tenemos un conocido que alguna vez compararon a Messi con un tal bicho? Porque estamos bobinas que todos tenemos a un amigo as\\u00ed de pelotudito\""
,"\"Todos los periodistas argentinos que tienen mas de 12 a\\u00f1os criticando a messi, vayan a la concha de su madre y tr\\u00e1guensela todita. Messi y argentina campeones del mundo, para ellos, para el pais, para mi, pero no para ustedes hijos de puta.\""
,"\"Y c\\u00f3mo dijo Messi: porque as\\u00ed es la vida, es levantarte e intentarlo e intentarlo otra vez\""
,"\"La prensa SIMP siempre vende la historia de Messi y antonella rocuzzo como una historia de \\\"amor fiel, desinteresado y verdadero desde ni\\u00f1os\\\" La parte que no cuentan es que, si bien se conoc\\u00edan desde ni\\u00f1os, no estuvieron juntos desde ah\\u00ed.. Antonella rocuzzo ya andaba con un CHAD+ https://t.co/6RU7N3X7pM\""
,"\"lo vi a messi levantar la del mundo\""
,"\"#Messi y #Ginobili los dos mejores deportistas argentinos, no solo por su talento, sino por su humanidad.\\nLos mejores ejemplos...\""
,"\"La vida de Messi desde peque\\u00f1o https://t.co/0AfIAYqIWk\""
,"\"Me acabo de dar cuenta de que adoro tanto este video porque me recuerda al libro de El guardi\\u00e1n entre el centeno, por como lo define. Sinceramente, me parece la mejor forma de definir a Messi. https://t.co/5pCRbrsVGI\""
,"\"LA FOTO DE MESSI LEVANTANDO LA COPA EST\\u00c1 A POCO DE ROMPER R\\u00c9CORD COMO LA PUBLICACI\\u00d3N DE INSTAGRAM CON M\\u00c1S LIKES VAYAN A IG Y QU\\u00cdTENLE LOS LIKES A ESTA FOTO RID\\u00cdCULA https://t.co/lUHGgJAGjP PARA QUE LA DE MESSI SEA LA FOTO M\\u00c1S LIKEADA\""
,"\"Levantarte un lunes y saber que no fue un sue\\u00f1o ver a Messi levantar la copa del  \\ud83c\\udf0f un domingo y consagrarnos campe\\u00f3n mundial \\ud83c\\udde6\\ud83c\\uddf7\""
,"\"La temporada pasada de Ronaldo fue muy buena y la se Messi no tanto\\n\\nHoy Ronaldo est\\u00e1 en el peor momento de su carrera y Messi se consagr\\u00f3 como el mejor jugador de la historia.\\n\\nEl f\\u00fatbol es lindo cuando hay revancha\""
,"\"La est\\u00fapida de pa\\u00f1uelo verde de Marina Abiuso preguntando si la gente se est\\u00e1 tatuando el 10 de Maradona o el 10 de Messi.\\nSuelten muchachas, y de paso celebren que el nefasto de Maradona jam\\u00e1s va a ser \\u00eddolo de todas las generaciones que nacieron despu\\u00e9s del 2000. https://t.co/H4mnNhZ3jG\""
,"\"No necesitaba demostrar algo m\\u00e1s en su carrera, pero quiso hacerlo. Constancia, raz\\u00f3n por la que siempre hay tiempo para alcanzar los sue\\u00f1os. Messi eligi\\u00f3 no bajar los brazos.\\n\\n https://t.co/YJ1wrEWtCM v\\u00eda @RPPNoticias\""
,"\"vi a Lionel Messi levantar la copa del mundo carajoooo https://t.co/Mt6OwmfbFO\""
,"\"El que Messi haya ganado estando yo en mis d\\u00edas fue la peor sincron\\u00eda del mundo porque desde ayer estoy llorando\""
,"\"Messi campe\\u00f3n del mundo y CBUM tricampe\\u00f3n del Mr.Olympia, domingo hist\\u00f3rico el de ayer\""
,"\"El mundial lo GANARON los 26 jugadores y el cuerpo tecnico, Diego ya fue, ahora LIONEL MESSI es el que llevo al Equipo a Triunfar.  El es el Capit\\u00e1n \\ud83c\\udfc6\\u26bd\\ud83c\\udde6\\ud83c\\uddf7\\ud83c\\udde6\\ud83c\\uddf7\""
,"\"El hist\\u00f3rico futbolista Lionel Messi sigue haciendo crecer su vitrina de t\\u00edtulos tras la copa del mundo de Qatar 2022\\n#Qatar2022 #LionelMessi\\ud80c\\udcf5 #SeleccionArgentina #FIFAWorldCup #Messi\\ud80c\\udcf5 \\nhttps://t.co/E4Q089Pgzl\""
,"\"EL MUNDIAL SE LO REGALARON A MESSI Y argentina SE VIO BENEFICIADA Y MANCHADA UNA VEZ M\\u00c1S ASQUEROSAMENTE COMO LAS DOS ANTERIORES jejejejejejeje\""
,"\"Parar de llorar Messi se merec\\u00eda el mundial y Argentina ha jugado bien lo siento si vuestro equipo ha perdido pero no vay\\u00e1is insultando el esfuerzo de los dem\\u00e1s a llorar a la llorera\\ud83c\\udde6\\ud83c\\uddf7\\u2764\\ufe0f\\ud83c\\udde6\\ud83c\\uddf7\\ud83c\\udde6\\ud83c\\uddf7\""
,"\"Su\\u00e1rez y Messi Best d\\u00fao \\ud83d\\ude2d\\ud83c\\uddfa\\ud83c\\uddfe\\ud83c\\udde6\\ud83c\\uddf7 https://t.co/l4FCjAEooO\""
,"\"El \\\"SOMOS CAMPEONES DEL MUNDO\\\" de Paredes abrazando a Messi, me destruye \\ud83d\\ude2d\\ud83c\\udde6\\ud83c\\uddf7\""
,"\"MESSI ES CAMPE\\u00d3N DEL MUNDO, todav\\u00eda no caigo\""
,"\"este a\\u00f1o fue demasiado bueno porque Benito, Mora y Feid sacaron joyas de \\u00e1lbumes y por fin messi gan\\u00f3 la copa del mundo y sin contar las cosas buenas que me pasaron este a\\u00f1o, incre\\u00edble 2022&lt;33\""
,"\"@Transfermarkt deber\\u00edan actualizar el valor de Lio Messi  y la plantilla de Argentina\""
,"\"No se que quiero m\\u00e1s si  ser Messi para estar con  Antonella o Antonella para estar con Messi \\ud83e\\udd72\\ud83e\\udd0d\\ud83d\\udc99\""
,"\"Y no, aqu\\u00ed no olvidamos a\\u00fan que Messi gan\\u00f3 el mundial\""
,"\"Su\\u00e1rez llam\\u00f3 a Messi en pleno festejo\\n\\nhttps://t.co/HietlMgd52\""
,"\"y yo no m olvido d los q le pegaban a messi en el piso x ac\\u00e1, en sus peores momentos, lo mataron x tuiter, no m olvido d los q se pon\\u00edan antimessi d nombre d usuario, ahora se hacen los boludos, pero yo no m olvido d ninguno\""
,"\"El quilombo y la mugre que qued\\u00f3 en el depa pero amo porque #Messi\\ud80c\\udcf5 #FIFAWorldCup #ARG\""
,"\"BUEN D\\u00cdA PARA TODOS, MENOS PARA LOS ANTI MESSI\""
,"\"Vi a Messi campe\\u00f3n del mundo el resto me chupa un huevo\""
,"\"Me sigue pareciendo surrealista, literalmente ayer Messi gano el mundial EL MUNDIAL \\ud83d\\udc10\\u2764\\ufe0f https://t.co/dloxiDXU8W\""
,"\"#Messi\\ud80c\\udcf5 campe\\u00f3nnnnnn juju\""
,"\"Todas las fotos y videos de Messi con la del mundo me ponen la piel de gallina! \\u2764\\ufe0f\\ud83c\\udde6\\ud83c\\uddf7\""
,"\"Ojal\\u00e1 me sigas preguntando 1000 veces:\\nPor qu\\u00e9 festejamos?, que ganamos? \\nAs\\u00ed te cuento otra vez..\\nQue Argentina sali\\u00f3 campe\\u00f3n despu\\u00e9s de 36 a\\u00f1os,\\nQue Messi gan\\u00f3 su primera copa del mundo.. https://t.co/NrxuFCN44n\""
,"\"Maradona 1986: 5 goles 5 asistencias \\nMessi 2022: 7 goles 3 asistencias \\nD10S\""
,"\"Yo era uno de esos que dec\\u00eda que Messi era malo, que en la selecci\\u00f3n no jugaba a nada, que era mejor cristiano pero este mundial y hace unos a\\u00f1os empec\\u00e9 a crecer a madurar y ver otro messi el messi que yo queria el mejor jugador del mundo ese que lo dio todo muchas gracias lio\\ud83c\\udde6\\ud83c\\uddf7\""
,"\"Todav\\u00eda no cambie el fondo de pantalla pq la \\u00fanica foto que vi por ah\\u00ed donde est\\u00e1n todos con la copa solo se ven el dibu, messi, dybala y alguno m\\u00e1s pero yo necesito una con juliaaaaaaaaaaaaan, una de los 3 pofavo (y la del kun y messi a caballito con la copa\\ud83d\\ude2d)\""
,"\"El #Vallenato que suena es: Tampa 5 by Desconocido #Valledupar #Vallenato #Messi #LeandroDiaz\\ud83d\\udc47https://t.co/kwqcd6vhGG\""
,"\"mbappe nunca ser\\u00e1 messi pero si est\\u00e1 en camino a ser el mejor jugador de copas del mundo de todos los tiempos\""
,"\"Le duela a quien le duela argentina fue mejor que Francia, y por eso gano la copa del mundo messi el mejor del mundo tambi\\u00e9n\""
,"\"Viste que Messi levant\\u00f3 la del mundo? Bueno, vos eras mi mundo volvemos?\""
,"\"\\ud83d\\udd25 \\u00a1IMPRESIONANTE CANTIDAD DE 'ME GUSTA' EN UNA FOTO\\n\\nMessi tambi\\u00e9n golea a Cristiano Ronaldo en las redes sociales\\n\\nhttps://t.co/a8B1nHOghO\""
,"\"Me duele que messi haya tenido que irse a la fuerza del bar\\u00e7a, esa copa del mundo ten\\u00eda que ser exhibida en el camp nou \\ud83d\\ude2d\""
,"\"Messi, te amo m\\u00e1s que a toda mi familia junta\""
,"\"Creo que podr\\u00edamos pasarnos horas mirando hilos de fotos de Messi con copas \\ud83c\\udfc6\""
,"\"Vamos #Argentina\\n#Messi\\ud80c\\udcf5 https://t.co/ZLZfihUUJ8\""
,"\"Me pondr\\u00eda la de Messi para navidad y a\\u00f1o nuevo \\ud83e\\udd29\""
,"\"Messi recrea en el Mundial de Qatar 2022 la m\\u00edtica foto de Maradona en el Estadio Azteca de M\\u00e9xico 1986 #Messi #Mbapp\\u00e9 #QatarWorldCup2022 #Qatar2022 #FIFAWorldCup #ARGFRA #ArgentinavsFrancia #FRA #ARG #DiMar\\u00eda #Giroud El VAR #NoEraPenal #robo #Albiceleste https://t.co/AxklnB5te1\""
,"\"No me incumbe, no soy experto en el tema y me vale verga el f\\u00fatbol; como mero espectador casual, lo de ayer fue una brutalidad. Y s\\u00ed, qu\\u00e9 bien por Messi, grande el hormonado ese, pero Mbapp\\u00e9, viejo, el vato es un monstruo a sus 23. Literal la final fue un: Mbapp\\u00e9 vs TODA ARG.\""
,"\"Quiero ser Messi, t\\u00fa mi Antonella\""
,"\"Durante la ceremonia de premiaci\\u00f3n \\u201cla pulga\\u201d recibi\\u00f3 una prenda tradicional del medio oriente que se llama bisht, dicha prenda de color negro y rasgos dorados simboliza las costumbres de las personas donde se llev\\u00f3 a cabo el torneo.\\n.\\n\\ud83d\\udccd https://t.co/VX6kEHKdRY https://t.co/cznfTjtkkE\""
,"\"Lo vio en TN: la mam\\u00e1 de Messi se conmovi\\u00f3 con la historia de una argentina y le cumpli\\u00f3 el sue\\u00f1o de su\\u00a0vida https://t.co/Vr8prcpur4\""
,"\"Yo v\\u00ed a Messi levantado la Copa del Mundo https://t.co/EJsT1hZikl\""
,"\"Que particulares somos ...\\n\\nFuror x el video del Gordo trepador y much\\u00edsima gente activando la grieta Maradona , Messi....\\n\\nNo saben soltar ....\""
,"\"Nunca estuvo en discusi\\u00f3n y hoy menos el m\\u00e1s grande Lionel Messi\\ud83d\\udc10\\ud83c\\udde6\\ud83c\\uddf7\""
,"\"ayer todos ten\\u00edan la camiseta de messi y yo la \\u00fanica con la de paredes, te amo gordo!!\""
,"\"Messi campe\\u00f3n del mundo y se confirma estacion, la mamada que me voy a pegaaaaaaar https://t.co/sf4s98sOyr\""
,"\"ARGENTINA CAMPEON DEL MUNDO \\ud83c\\udde6\\ud83c\\uddf7\\ud83c\\udfc6\\nMESSI CAMPEON DEL MUNDO \\ud83d\\udc10\\ud83c\\udfc6 https://t.co/Y9nUJOkRjV\""
,"\"que miedo esa foto collage que hay de messi en todos los a\\u00f1os de su carrera\""
,"\"dejareis ya de llorar a messi no le quitar\\u00e1n la 3\\u00aa estrella pq os quej\\u00e9is la copa del mundo es d argentina y dejad d lloriquear\""
,"\"\\u26bd\\ufe0fPel\\u00e9, Di St\\u00e9fano, Cruyff, Maradona y Messi. Son los cinco mejores de la historia del f\\u00fatbol. \\u00bfCu\\u00e1l es el mejor? Albert Isern y Ra\\u00fal Paniagua llevan a un multimedia el debate, con dise\\u00f1o de @blogmaldito @andreahermida__ y al volante, @RafaJulve \\n\\nhttps://t.co/c98cN0C5GB\""
,"\"A Messi todav\\u00eda le falta ganar la poderosisima Liga MX\""
,"\"Veo las fotos de Messi y creo que nunca le va a prestar la copa a nadie. https://t.co/bv8HsK08Ip\""
,"\"La final del 2026 sera en el Azteca? Llegara Messi? Elijo volver a creer\""
,"\"hace 24 horas messi levantaba al cielo d doha la copa del mundo \\ud83d\\ude0d\""
,"\"Me sigue pareciendo surrealista, literalmente ayer Messi gano el mundial EL MUNDIAL \\ud83d\\udc10\\u2764\\ufe0f\""
,"\"Me encantan los videos de Messi (Taylor\\u2019s version) \\ud83d\\ude2d prdn\""
,"\"La foto de Messi con la Copa est\\u00e1 a 9 millones de likes de convertirse en la foto con m\\u00e1s \\u2764\\ufe0f de la historia.\\n\\nSi todav\\u00eda no le dieron like, ac\\u00e1 \\ud83d\\udc49\\ud83c\\udffd https://t.co/m2IjsEdc1U\\nSi le dieron like a la falopa del \\ud83e\\udd5a en su momento, se lo pueden sacar \\ud83d\\udc49\\ud83c\\udffd https://t.co/5lUn6rraLK\\n\\nDALE DALE https://t.co/3cGvpeXamd\""
,"\"Mis respetos a Scaloni que apesar de las cr\\u00edticas y de su poca experiencia asumi\\u00f3 la selecci\\u00f3n de Argentina junto a otras leyendas de su f\\u00fatbol para lograr lo imposible. Cuando otros prefirieron decir que no asumiran hasta que se vaya Messi.\""
,"\"@SomosLaSele @ricardoicaza7 \\nEste simbolo es un regalo del pueblo anfitri\\u00f3n al campe\\u00f3n del mundo.  \\n\\nTe veo mas exaltado que los propios Argentinos.\\n\\nEs tu opinion pero a la mayoria no ha molestado para nada esto.\\n\\nhttps://t.co/y03VAvBA1G\""
,"\"SIGUE LA POL\\u00c9MICA \\n\\nEl tercer gol de Lionel Messi en el tiempo extra,  no deb\\u00eda contar, por invasi\\u00f3n en la cancha\\ud83d\\ude29\\ud83c\\udde6\\ud83c\\uddf7\\n\\n\\u00bfQue opinan ustedes?\\n\\n#Qatar2022 #LosOjosDeQatar\\ud83c\\uddf6\\ud83c\\udde6\\ud83d\\udc41\\ufe0f https://t.co/CuRchIAEoh\""
,"\"gracias dios, gracias diego, gracias messi\""
,"\"El creador del Xavi Crikoso dedic\\u00f3 este dibujo a Messi. Ufffa\\n\\nGrande Ao Ashi. El verdadero GOAT de los spokon de f\\u00fatbol https://t.co/25G0gWQYkM\""
,"\"Vayan a sacarle el mg a la foto del huevo, h\\u00e1ganme el favor, y p\\u00f3nganselo a la de Messi\""
,"\"Messi si fuera miembro de Tame Impala https://t.co/gGwRJOuxw7\""
,"\"@daniellachavezc dej\\u00e1 de opinar de MESSI \\nqui\\u00e9n SOS ?!?\\nNadie nos regal\\u00f3 nada \\nLa pelearon\\nLa lucharon\\nLa trasnpiraron \\nLos pibes se mataron en la cancha y 45 mill afuera \\nC\\u00f3mo te gusta generar bardo.!\\nANDA PAY\\u00c1 BOBA https://t.co/qOiM59yaid\""
,"\"Por fin. Por fin Messi es feliz\""
,"\"necesito un stickers donde salga messi frot\\u00e1ndose las manos\""
,"\"Creo q todos quer\\u00edamos q Lio la ganase porq sab\\u00edamos, todos, lo injusto e ingratos q fuimos con el.\\nAs\\u00ed, nuestra conciencia, finalmente, puede descansar.\\nGracias Messi, perdonaste nuestros pecados y nos diste la felicidad eterna.\""
,"\"Yo solamente se que estoy muy feliz, por Messi obvio, y por *me pongo de pie* GONZALO ARIEL MONTIEL. Todos pero TODOS nos vamos a acordar siempre de ese ultimo penal.\""
,"\"ya se le dio a messi, a vos y a mi cuando?\\ud83e\\udd37\\ud83c\\udffe\\u200d\\u2640\\ufe0f\""
,"\"A Messi solo le falta ganar la Copa Libertadores con Millonarios para considerarlo el mejor del mundo.\""
,"\"messi momentos autistas\""
,"\"MESSI Aparte de ser el mejor del mundo como hombre lo es todo mira con TANTO amor a su mujer ojala muchos fueran como el y solo elijieran a una para toda la vida  .\""
,"\"Messi otro bal\\u00f3n de oro \\ud83d\\ude33\\ud83d\\ude35\""
,"\"SUPUESTAMENTE TINI INVITO A LOS MESSI A LOS SHOWS DEL POLO\""
,"\"Revista Q #Deportes \\n#Messi: \\u00bfPar\\u00eds, Miami, #Barcelona? https://t.co/PBPdskgcSt a trav\\u00e9s de @QQueMexico  con lo mejor de espect\\u00e1culos y sociales #RevistaQ #Entretenimiento\""
,"\"@eldoctorpelaez Dr Pelaez, y los dirigentes del Barcelona no buscar\\u00e1n contratar nuevamente a Messi?\""
,"\"Si antes era insoportable con messi imag\\u00edname ahora\""
,"\"Tengo que reconocer que La gente de sudamerica y centroamerica apoya mucho a la #Argentina y en especial a #Messi\\ud80c\\udcf5 . Es verdad que tengo puesta la camiseta pero ya van 5 que me felicitaron en el aeropuerto JFK De Nueva York. Gracias a todos!!!\""
,"\"Messi y Fideito, ustedes dos se lo merec\\u00edan m\\u00e1s que nadie \\ud83e\\udd0d\\ud83c\\udde6\\ud83c\\uddf7\\u2b50\\ufe0f\\ud83d\\ude4f\\ud83c\\udffc\""
,"\"Messi es el mejor y no lo discuto\""
,"\"q lindo sentimiento ver a messi con la copa\""
,"\"Que si gano , que no se lo merec\\u00eda , que mbapp\\u00e9 es mejor jugador ... Etc ya no pueden cambiar nada! gan\\u00f3 argentina!! y Francia sigue siendo un equipo bueno . Fin . #FIFAWorldCup #Messi\\ud80c\\udcf5 #MundialDiferente\""
,"\"Se puede decir que Cristiano Ronaldo tendr\\u00eda 6 (SEIS) Champions si no fuera por Messi?\""
,"\"Tras el suceso de ayer, puedo afirmar que Lionel Andr\\u00e9s Messi tendr\\u00e1 mejor legado en la Selecci\\u00f3n Argentina que Diego Armando Maradona\""
,"\"Tercer t\\u00edtulo de Messi con la selecci\\u00f3n. Entro a la eternidad https://t.co/oCpbA3xkX4\""
,"\"Reci\\u00e9n veo el TACO de Lautaro baj\\u00e1ndola de un pelotazo largo, se la dej\\u00f3 mansita a Messi para el 3er gol Jajaja una locura\""
,"\"Ya se le dio a Messi ahora se nos puede dar a nosotros m\\u00ed amor h\\u00e1blame.\""
,"\"Messi campe\\u00f3n del mundo y se confirma estacion, el pedo descomunal que me voy a pegaaaaaaar https://t.co/kHdiWdtrxO\""
,"\"\\u201cLa ama\\u201d: qui\\u00e9n es la mujer que entr\\u00f3 a la cancha en medio de los festejos y abraz\\u00f3 a Messi https://t.co/7Mh4tsYVzq https://t.co/mbDkULTvTi\""
,"\"#Messi y Argentina, una historia de amor que no pudo haber tenido un mejor final\\n\\n#Teleantillas #InformativosTA \\nhttps://t.co/P8LZWYbj3E https://t.co/HytnaEpDWv\""
,"\"Qu\\u00e9 \\\"Gracias Diego\\\" Los que se mataron ayer jugando fueron los de la Scaloneta,\\\"Gracias Messi\\\"; \\\"Gracias Scaloneta\\\" debe ser.  Aparte Maradona defenestr\\u00f3 a Scaloni y parece mentira, pero cuando se muri\\u00f3 la Selecci\\u00f3n fue campeona en todo.\""
,"\"Lionel Messi en este Mundial:\\n7 Goles, 3 Asistencias  10 G/A \\u26bd\\ufe0f\\ud83c\\udd70\\ufe0f\\n\\nCristiano Ronaldo en 5 Mundiales:\\n8 Goles, 2 Asistencias  10 G/A \\u26bd\\ufe0f\\ud83c\\udd70\\ufe0f\\n\\nLa DIFERENCIA entre mi GOAT y el tuyo. https://t.co/QpFeX9S1UC\""
,"\"@oscarrenteriaj  grande messi pero o re\\u00ed es el rey, con 3 mundiales  m\\u00e1s de 1000 goles, muchos campeonatos en un \\u00fanico equipo y con menos partidos que muestran su grandeza, dejen de comparar a un rey de verdad con principitos unos viciosos y otros buenos pero que no les alcanza\""
,"\"como q Messi jugaba al Handball\""
,"\"La famosa t\\u00fanica que llev\\u00f3 Messi es la T\\u00fanica del Rey. Es un reconocimiento de un rey hacia otro. Es el mayor honor que un gobernante te puede otorgar. https://t.co/eQ3QAWL3Io\""
,"\"Ni Messi, ni Mbape, ni Ronaldo son los mejores futbolistas, ellos ganan millones y disfrutan. El mejor jugador del Mundial Qatar 2022 es Mahsa Amini, que  est\\u00e1 haciendo su mejor  jugada contra la muerte, mientras la FIFA guarda silencio y Argentina alza la copa de campe\\u00f3n. https://t.co/IQlschvX5S\""
,"\"\\ud83d\\udd35 El astro rosarino fue elegido el mejor jugador del Mundial\\n\\n\\ud83d\\udd1f Los r\\u00e9cords del campe\\u00f3n\\n\\nhttps://t.co/7SwJY1K7dE https://t.co/qZQxPikUyx\""
,"\"Si yo fuera messi \\u00bfser\\u00edas mi antonela?\""
,"\"\\u26bd\\ufe0f#Qatar2022 S\\u00famele otro r\\u00e9cord: Messi, el primer jugador mundialista en... https://t.co/qbrmk9f2sn\""
,"\"Hasta que me muera con la Scaloneta\\nYO VI CAMPE\\u00d3N A MI PA\\u00cdS! YO VI CAMPE\\u00d3N A MESSI! \\u2764\\nVAMOS ARGENTINA CARAJO!!!\\ud83c\\udde6\\ud83c\\uddf7\""
,"\"imaginate decir que en tu cumple Messi gano la copa y Cbum el Mr.Olympia y si puedo decirlo\\ud83e\\udef6\\ud83c\\udffc\""
,"\"He visto m\\u00e1s edits de Taylor Swift+Leo Messi de los que me gustar\\u00eda admitir\""
,"\"Liberman azzaro feiman y todos los hijos de remil puta q bardearon al 10. Q pidan perd\\u00f3n y se la coman doblada la chota de Messi\""
,"\"Cree que ahora odian a Messi en Francia? Digo todav\\u00eda juega en el Paris, imag\\u00ednate el siguiente partido, lo pitaran?\""
,"\"Podr\\u00e9 decir que vi a Messi jugar y a mi pa\\u00eds campe\\u00f3n mundial \\ud83c\\udde6\\ud83c\\uddf7\""
,"\"CHUPENLA los que dicen que es un ordinario \\ud83e\\udd0c\\ud83e\\udd0c es su premio que se lo meta d\\u00f3nde quiera \\n#FIFAWorldCup #Qatar2022 #Messi\\ud80c\\udcf5 @emimartinezz1 https://t.co/lUKxGU5P8G\""
,"\"hasta messi lo dice jajaja\\nVamooos \\n#danielaal9009 #GranHermano\\n#GH202   #gh2022 #GranHermano https://t.co/AQQcL5N9be\""
,"\"Hay turistas alemanes en Argentina tatuandose a Messi, SIMPLEMENTE LIONEL\""
,"\"La final de ayer con Argentina ganadora g\\u00e9nero el tr\\u00e1fico m\\u00e1s grande Google desde sus inicios. A su vez la imagen de Messi levantando la copa es la 2da m\\u00e1s likeada de la red social. \\u00a1Decime si no somos lo m\\u00e1s grande que hay! \\ud83c\\udde6\\ud83c\\uddf7\""
,"\"\\\"\\u00bfD\\u00f3nde est\\u00e1 Messi?\\\": el emotivo video de la Conmebol tras la coronaci\\u00f3n argentina https://t.co/bxQpMyNDkS v\\u00eda @telefenoticias\""
,"\"Odio que la rivalidad Madrid-Barca haya llegado al punto de gente que odia/envidia/putea a Messi por ganar un Mundial; Messi ya no juega en el Barca, Cristiano ya no juega en el Madrid, son s\\u00edmbolos si, pero \\u00bfHacer berrinche porque uno gana y el otro no? \\u00bfEn serio?\""
,"\"messi lleg\\u00f3 a los 400 millones de seguidores https://t.co/L3NW8xDhLI\""
,"\"La cantidad de celulares con fondo de pantalla de Messi levantando la copa que debe haber \\ud83e\\udd29\\ud83e\\udd29\\ud83e\\udd29\\ud83e\\udd29\\ud83e\\udd29\\ud83e\\udd29\""
,"\"Somos campeones del mundo #arg \\n\\n#ArgentinaCampeonDelMundo https://t.co/6KSaBeRCFN\""
,"\"Mbapp\\u00e9, que incre\\u00edble futbolista. Todos los del 90 pueden llamar el mejor jugador del mundo a Messi o CR7, pero para nosotros, Mbapp\\u00e9 ser\\u00e1 nuestro mejor del mundo. Ir aceptandolo y disfrutar su f\\u00fatbol. https://t.co/haOpoMO2yh\""
,"\"#Colombianadas | La @Registraduria revela que 84 ni\\u00f1os fueron registrados con primer nombre de Lionel y 52 en su segundo nombre. Cinco llevan por nombre Messi, y 11 en su segundo nombre. Y 831 llevan por nombre Kylian y cinco Mbapp\\u00e9.\""
,"\"No puedo creer que hubo gente que tuviera que esperar este momento para aceptar que Messi es el mejor de todos los tiempo, no va a ver otro igual y es nuestro \\u2764\""
,"\"Ahora m\\u00ed viejo si dij\\u00f3 que Messi es mejor que Maradona....\\n\\nSolo Messi.\""
,"\"yo prometi que si Messi ganaba el mundial m hacia el piercing de las tetas y me arrepiento totalmente\\n\\ud83d\\ude2d\""
,"\"En este vida hay que saber perder y ganar, tb... eso no quita que me alegro de que hayan ganado por Messi, porque lo segu\\u00eda en el Bar\\u00e7a cuando jugaba con ellos, pero vamos... del resto del equipo no voy a hablar \\ud83e\\udd10\""
,"\"\\u25aa Lionel Messi le gan\\u00f3 una Champions League a Cristiano Ronaldo.\\n\\u25aa Lionel Messi le gan\\u00f3 una Copa Am\\u00e9rica a Neymar Jr.\\n\\u25aaLionel Messi le gan\\u00f3 una Copa del Mundo a Kylian Mbapp\\u00e9.\\n\\nMessi es mejor que tu jugador favorito, la rutina de lo extraordinario. https://t.co/WwR9vnULtj\""
,"\"Necesito saber que esta haciendo messi\""
,"\"\\ud83c\\udde6\\ud83c\\uddf7\\ud83c\\udde6\\ud83c\\uddf7 ARGENTINA CAMPIONE DEL MONDO\\n\\u00a1Felicitaciones equipo! \\n\\n#argentinacampeon2022 #campe\\u00f3ndelmundo #campionedelmondo #maradona #messi https://t.co/dyF6vFZOI4\""
,"\"Quiero que Messi supere el r\\u00e9cord del post con m\\u00e1s likes en Instagram \\ud83d\\ude0f\""
,"\"Le promet\\u00ed a Dios que si Argentina ganaba el mundial yo dejar\\u00eda de fumar y las promesas se cumplen \\ud83d\\udeac\\ud83d\\udead, gracias Dios y gracias Messi \\u2665\\ufe0f\\ud83c\\udde6\\ud83c\\uddf7\""
,"\"\\\"Tesoro, muy bien jugado\\\": 'Do\\u00f1a Florinda', plet\\u00f3rica con Messi por t\\u00edtulo con Argentina \\ud83d\\ude2e\\ud83d\\udc49 https://t.co/YOCF1CgbNh https://t.co/tZ0HPgfHNb\""
,"\"La gente d\\u00e1ndole gracias a \\\"Dios\\\" porque gan\\u00f3 Messi?????\\u00bf\\u00bf\\u00bf\\u00bf\\u00bf\\u00bf\\u00bf\""
,"\"Messi, el indibujable. Qu\\u00e9 mal les sale Messi a los dibujantes, por favor y la virgen.\""
,"\"lo mejor que me pudo pasar es ver a messi con la copa del mundo\""
,"\"Su uso data desde hace miles de a\\u00f1os. La usan miembros de la realeza y de alto rango. Messi levant\\u00f3 la Copa del Mundo llev\\u00e1ndola sobre sus hombros. #LaPrensaSecuestrada informa https://t.co/v8ROfKQMbB\""
,"\"que hermoso ver swifties apoyando a messi, maybe algun dia los fifes dejen atras su machismo y quieran apoyar a swift! the world is healing!!!!!!!!!!!!!!!!!!!!!!\""
,"\"Tomando mates y mirando el diario fijamente en silencio, Messi levantando la copa y mi cabeza casi que no lo puede procesar.\""
,"\"Un alem\\u00e1n se va a tatuar a Messi, aguante la gente que aprende a amar nuestro pa\\u00eds\""
,"\"Tanto so\\u00f1\\u00e9 con esto los \\u00faltimos d\\u00edas, y porfin ayer pude ver el momento en el que Messi se convertir\\u00eda en el hombre m\\u00e1s feliz del mundo, te amo https://t.co/TttsDH3bFZ\""
,"\"Vos segui solo a Messi y a mi en ig.\\nY yo, \\nSolo a vos, y a Juli\\u00e1n.\\nAceptas?\""
,"\"Vos segui solo a Messi y a mi en ig.\\nY yo, \\nSolo a vos, y a Juli\\u00e1n.\\nAceptas?\""
,"\"Los tatuadores despu\\u00e9s de que Messi gano la Copa Mundial https://t.co/csAo1kRcoA\""
,"\"No lo necesitabas para consagrarte como el mejor del mundo  pero lo quer\\u00edas... \\ud83c\\udde6\\ud83c\\uddf7\\ud83e\\udd0d \\\"Messi con la Copa del Mundo\\\" #Messi\\ud80c\\udcf5  #FIFAWorldCup https://t.co/YvWJQOhmzq\""
,"\"\\\"\\u00a1Las Malvinas son Argentina!\\\": as\\u00ed Medv\\u00e9dev felicit\\u00f3 la selecci\\u00f3n de Messi por su triunfo en Catar https://t.co/VjysjkLRiE\""
,"\"Hasta aqu\\u00ed. 2 horas de encuesta. Quien es el mejor deportista de la historia despu\\u00e9s del diego \\nMessi 87987 votos\\nManu 1 voto\""
,"\"hay que aprovechar esto a full ojal\\u00e1 me equivoque pero cuanto tiempo va a pasar hasta jugar una nueva final del mundo sin messi pasamos a ser menos que venezuela\""
,"\"Y pensar que Messi se iba a retirar de la seleccion por los giles antimessi y hoy es campeon mundial, chupenla\""
,"\"#Nacional | Lionel Messi tiene 152 tocayos en Colombia seg\\u00fan la Registradur\\u00eda\\n\\nhttps://t.co/tW0sK3t9Gi https://t.co/GDhxUllo0L\""
,"\"De los creadores de \\u201cse enoj\\u00f3 por un sticker\\u201d, llega \\u201cse enoj\\u00f3 porque dije arriba messi\\u201d\""
,"\"Ayer fui un mar de nervios, sufr\\u00ed el partido como pocas cosas en la vida. Pero todo lo resumo a ese momento cuando Messi es campe\\u00f3n del mundo y llore de felicidad en los brazos de mi mujercita\\u2764\\ufe0f\""
,"\"MESSI, MESSI, SOS   CAMPEON   DEL   MUNDO?\\n\\n\\ud83d\\udc4d\""
,"\"Triste yo? No lo creo. Vi a messi ganar, y a neutro, aka y micro cantar\""
,"\"De este mundial hist\\u00f3rico rescato:\\nScaloni no dirigi\\u00f3 NUNCA un equipo y es campe\\u00f3n mundial.\\nQue lo exitos se logran con esfuerzo y en equipo. No EXIGIENDO cosas y extorsionando. Y que los que ningunearon a Scaloni y dijeron cosas de Messi,no tienen la grandeza de rectificarse\""
,"\"LEONEL MESSI \\n\\nEl hombre que con su f\\u00fatbol conquist\\u00f3 los seis continentes(6 o 7 por si acaso), marco una \\u00e9poca, uni\\u00f3 al mundo, creo n\\u00fameros inigualables y se convirti\\u00f3 en el mejor jugador de la historia del f\\u00fatbol.\\n\\nTe amamos MESSI \\u2764\\ufe0f\\ud83e\\udef6\\ud83c\\udffd\\ud83d\\udd25.\\n\\n#MadeInLaMasia the \\ud83d\\udc10 https://t.co/3nXLFCcN9P\""
,"\"@afa mi paciente ROMAN en etapa de lecto-escritura DIJO:se escribir MESSI \\ud83d\\ude05\\u2764\\ufe0f https://t.co/3YsTh1p052\""
,"\"Siempre le he ido al Real Madrid como club de f\\u00fatbol\\n\\nSiempre he visto a Cristiano Ronaldo como un \\u00eddolo\\n\\nPero es que hoy d\\u00eda, solo se puede apreciar el juego tanto de Messi como de Cristiano.\""
,"\"Para m\\u00ed es una falta de respeto hacia Messi que lo comparen con el viol\\u00edn de Maradona.. y no s\\u00e9 un pedo de f\\u00fatbol, pero primero est\\u00e1s vos c\\u00f3mo persona y despu\\u00e9s como profesional cosa que Messi demostr\\u00f3 ser excelente, como lo van a comparar con un mis\\u00f3gino?\""
,"\"Yo me alegro de que Messi haya ganado su mundial con #Argentina no porque dude que sea el mejor sino para que todos, por desgracia siguen siendo muchos, se callen al menos un poco en decir que no lo es. Hay que ver sus muchos r\\u00e9cords implantados .\\ud83d\\ude44 #F\\u00fatbol\""
,"\"Quisiera explicarle a mi yo de 10 a\\u00f1os que finalmente pudimos ver a messi levantar la copa\""
,"\"Grande Messi, con buen f\\u00fatbol han ganado, mejor partido que he visto en mi vida. https://t.co/MlO7BSpHIA\""
,"\"He le\\u00eddo a VARIOS que dec\\u00edan, Messi no es el mejor de la historia porque nunca hab\\u00eda ganado nada con la selecci\\u00f3n, hoy despu\\u00e9s de ganar la copa america y el mundial dicen:\\u201co sea que bajo esa l\\u00f3gica Arbeloa es el mejor lateral derecho\\u201d, la verdad es que ya no saben que inventar\\ud83e\\udd21\""
,"\"Gracias Messi ,los Argentinos vamos al Obelisco ,no vamos a ning\\u00fan ACTO K en la Casa Rosada.\\ud83c\\udde6\\ud83c\\uddf7\\ud83d\\udc4f\\ud83d\\udc4f\\ud83d\\udc4f https://t.co/6o6nTjaAbe\""
,"\"Con el tiempo aprend\\u00ed a valorar a Messi y su f\\u00fatbol, es m\\u00e1gico, un fuera de serie, de los mejores que me toc\\u00f3 ver.\\nPero en mis libros el mejor de la historia es Cristiano Ronaldo, el 1.\""
,"\"Messi tuvo a grandes antagonistas https://t.co/659CkKZ0HD\""
,"\"NO PUEDE SER QUE UN HUEVO DE MIERDA TENGA MAS LIKES QUE MESSI, AAAAAAAAAAAAAA\""
,"\"De algo estamos de acuerdo todos, que horrible eso de la t\\u00fanica a Messi, tapando el uniforme nojoda. #ArgentinaCampeonDelMundo https://t.co/rlQP4ejjs3\""
,"\"derrepente nunca nadie habl\\u00f3 mal de messi vieron?\""
,"\"Ma\\u00f1ana llega \\u2026.\\nMESSI CHRISTMAS\\u2026 https://t.co/TTSnaWbrn4\""
,"\"siento tan bonito ver las fotos de messi levantando la copa\""
,"\"esta imagen es lo mejor que vi, que se replica, gesto noble y humilde , somos lo que somos fue lo mas emocionante... #argentinidad\\n#FIFAWorldCup \\n#Qatar2022 \\n#Messi\\ud80c\\udcf5 https://t.co/OQkZWpNKyf\""
,"\"Mucho Messi Messi pero ninguno es como Messii\\ud83e\\udd2e\\ud83e\\udd2e\\ud83e\\udd2e\""
,"\"\\u274cPel\\u00e9 nunca jug\\u00f3 en Europa. \\n\\u274cMaradona nunca gan\\u00f3 una copa Am\\u00e9rica. \\n\\u274cRonaldo Nazario nunca gan\\u00f3 una Champions. \\n\\u274cRonaldinho nunca gan\\u00f3 un Mundial de clubes. \\n\\u274cCristiano Ronaldo nunca gan\\u00f3 el Mundial.\\n\\n#MESSI SOLO UNO. #Goat\\ud83d\\udc10 https://t.co/ocpXA79u6R\""
,"\"Honor al due\\u00f1o la copa del mundo a Messi\""
,"\"Pedro Rodrigues acu\\u00f1\\u00f3 la expresi\\u00f3n m\\u00e1s viral del futbolista argentino en el monasterio de Samos, en la provincia de Lugo, en un medall\\u00f3n a modo de broma. https://t.co/Hvu6SbICGR\""
,"\"@francefootball ME VOY A ACORDAR DE USTEDES TODOS LOS DIAS, BURROS HORRIBLES!!! MESSI EN MULETAS, SILLA DE RUEDAS, HASTA EN UNA PIERNA ES EL MEJOR DEL MUNDO. NO LO PUSIERON NI ENTRE 30!!!!!!!!\""
,"\"\\u201cLa ama\\u201d: qui\\u00e9n es la mujer que entr\\u00f3 a la cancha en medio de los festejos y abraz\\u00f3 a Messi https://t.co/kDRIbGx77S\""
,"\"Es lunes pero Messi gan\\u00f3 el mundial as\\u00ed qu\\u00e9 a celebrarlo como si fuera argentino\""
,"\"Se dan cuenta que Messi va a ganar su 8vo bal\\u00f3n de oro?\""
,"\"De Ashton Kutcher a Catherine Zeta-Jones: Hollywood se ti\\u00f1\\u00f3 de celeste y blanco con la consagraci\\u00f3n de Messi en el Mundial https://t.co/uIMCsgoc6L\""
,"\"#Qatar2022 | La crisis econ\\u00f3mica constante y la amargura de quienes no ven un futuro en Argentina ha convertido a Australia en un t\\u00f3tem para la generaci\\u00f3n de clase media alta que creci\\u00f3 viendo a Messi en la televisi\\u00f3n\\n\\n\\ud83d\\udd8b @jpcriales\\nhttps://t.co/XTjOegNRjK\""
,"\"#F\\u00daTBOL \\u26bd\\ufe0f\\n\\n\\u00a1O REI Y SU MENSAJE PARA ARGENTINA! \\nPel\\u00e9 reconoci\\u00f3 al nuevo campe\\u00f3n del mundo y envi\\u00f3 un mensaje a Maradona, Messi y Mbapp\\u00e9. La leyenda brasile\\u00f1a contin\\u00faa hospitalizada. \\n\\n#Qatar2022 \\n#ESPNQatarEnStarPlus  \\n\\nhttps://t.co/iCwDogVzqL\""
,"\"ME TAT\\u00daO A MESSI?\""
,"\"amigo Messi es campe\\u00f3n del mundo, todav\\u00eda no caigo\""
,"\"Messi no llegar\\u00e1 a ser Gobernador de una provincia de Argentina, c\\u00f3mo nuestro poderos\\u00edsimo Cuauht\\u00e9moc Blanco.\""
